4wU_LUjG5Ic,1571,,0
VuWGsYPqAX8,3852,fWutDQy1nnY,9854
GsAD1KT1xo8,3552,,0
VuWGsYPqAX8,595,,0
iVt07TCkFM0,2225,,0
WxtbjNsCQ8A,1113,,0
Bhxk-O1Y7Ho,6967,,0
JKpqYvAdIsw,131,,0
cjibtmSLxQ4,17957,,0
-esJrBWj2d8,3316,,0
qqR6AEXwxoQ,6881,,0
-esJrBWj2d8,3930,sTEELN-vY30,402
3eYKfiOEJNs,939,LRw_obCPUt0,5954
0tmA_C6XwfM,1704,PJrm840pAUI,6241
J0nA4VgnoCo,6507,,0
91IHQYk1IQM,1797,sTEELN-vY30,1478
XkqCExn6_Us,4765,,0
qqR6AEXwxoQ,3802,oDXZc0tZe04,10817
RBCABdttQmI,5582,,0
JgHubY5Vw3Y,3030,cjibtmSLxQ4,18104
jcoYJXDG9sw,3652,HT5vyqe0Xaw,2633
PJrm840pAUI,3777,GsAD1KT1xo8,197
Se3oxnaPsz0,2976,XzYM3PfTM4w,156
Se3oxnaPsz0,3912,,0
fWutDQy1nnY,13802,,0
4wU_LUjG5Ic,3278,,0
JgHubY5Vw3Y,774,,0
cjibtmSLxQ4,6242,,0
RBCABdttQmI,10587,,0
3eYKfiOEJNs,2009,,0
z_6gVvQb2d0,7513,0tmA_C6XwfM,273
37rzWOQsNIw,3529,sTEELN-vY30,3830
HT5vyqe0Xaw,2412,,0
LRw_obCPUt0,5059,gzDbaEs1Rlg,244
fWutDQy1nnY,7256,Se3oxnaPsz0,2252
-esJrBWj2d8,668,,0
J0nA4VgnoCo,4518,0tmA_C6XwfM,1585
JKpqYvAdIsw,1218,oDXZc0tZe04,8629
akI8YFjEmUw,180,,0
xxdtq8mxegs,760,HT5vyqe0Xaw,4691
-esJrBWj2d8,6511,,0
3eYKfiOEJNs,765,,0
37rzWOQsNIw,467,,0
cjibtmSLxQ4,482,HT5vyqe0Xaw,5493
XkqCExn6_Us,5527,,0
qqR6AEXwxoQ,6210,xwqBXPGE9pQ,3377
PJrm840pAUI,2730,,0
J0nA4VgnoCo,4188,,0
WxtbjNsCQ8A,4354,,0
z_6gVvQb2d0,5516,kLxoNp-UchI,2220
b626MiF1ew4,2467,,0
XzYM3PfTM4w,259,EE-bNr36nyA,1457
J0nA4VgnoCo,3905,vdmoEJ5YbrQ,982
-esJrBWj2d8,5142,3eYKfiOEJNs,3748
XzYM3PfTM4w,2474,,0
byxOvuiIJV0,2721,sTEELN-vY30,1420
b626MiF1ew4,2241,,0
sTEELN-vY30,2668,jcoYJXDG9sw,1943
vdmoEJ5YbrQ,3201,4wU_LUjG5Ic,3421
-esJrBWj2d8,4830,,0
xwqBXPGE9pQ,5794,Se3oxnaPsz0,1095
i3wAGJaaktw,4035,-esJrBWj2d8,6114
Bhxk-O1Y7Ho,4668,,0
kLxoNp-UchI,1712,,0
NyBmCxDoHJU,1418,WG0MBPpPC6I,526
kLxoNp-UchI,399,,0
EYqVtI9YWJA,1377,xxdtq8mxegs,1440
gzDbaEs1Rlg,2479,vdmoEJ5YbrQ,9669
98MoyGZKHXc,3123,,0
GsAD1KT1xo8,2742,,0
_xMr-HKMfVA,1001,Se3oxnaPsz0,2570
AwmHb44_ouw,9998,,0
91IHQYk1IQM,3039,,0
xmEERLqJ2kU,12910,,0
Yi4Ij2NM7U4,997,oDXZc0tZe04,8320
HT5vyqe0Xaw,7643,z_6gVvQb2d0,5729
i3wAGJaaktw,1196,,0
kLxoNp-UchI,3089,JgHubY5Vw3Y,1903
gzDbaEs1Rlg,2786,,0
PJrm840pAUI,4704,,0
sTEELN-vY30,509,EE-bNr36nyA,1036
WxtbjNsCQ8A,4602,,0
Hl-__g2gn_A,1662,qqR6AEXwxoQ,3483
Hl-__g2gn_A,4227,3eYKfiOEJNs,902
Bhxk-O1Y7Ho,5455,iVt07TCkFM0,1282
vdmoEJ5YbrQ,4213,EE-bNr36nyA,241
WxtbjNsCQ8A,5998,,0
VuWGsYPqAX8,3400,,0
EYqVtI9YWJA,5184,98MoyGZKHXc,1843
JKpqYvAdIsw,2489,,0
3eYKfiOEJNs,685,,0
JgHubY5Vw3Y,3242,98MoyGZKHXc,2400
LRw_obCPUt0,1267,,0
EYqVtI9YWJA,1989,,0
Bhxk-O1Y7Ho,3938,,0
Hl-__g2gn_A,3621,JKpqYvAdIsw,2435
98MoyGZKHXc,2692,,0
-esJrBWj2d8,4264,,0
98MoyGZKHXc,3987,JKpqYvAdIsw,1989
kLxoNp-UchI,763,akI8YFjEmUw,3828
oDXZc0tZe04,5544,oDXZc0tZe04,8375
XzYM3PfTM4w,1661,,0
Yi4Ij2NM7U4,8384,98MoyGZKHXc,2838
EYqVtI9YWJA,3789,,0
akI8YFjEmUw,3504,0tmA_C6XwfM,2197
gzDbaEs1Rlg,3961,sTEELN-vY30,2652
gzDbaEs1Rlg,75,,0
uGu_10sucQo,1662,,0
oDXZc0tZe04,11348,,0
b626MiF1ew4,4114,qqR6AEXwxoQ,4781
b626MiF1ew4,5269,,0
Hl-__g2gn_A,1754,XkqCExn6_Us,2118
oDXZc0tZe04,10618,,0
byxOvuiIJV0,299,HT5vyqe0Xaw,2291
3eYKfiOEJNs,2494,,0
WxtbjNsCQ8A,6895,JKpqYvAdIsw,2760
xxdtq8mxegs,3905,EE-bNr36nyA,1721
uGu_10sucQo,3218,,0
WG0MBPpPC6I,5730,HT5vyqe0Xaw,3161
sTEELN-vY30,4079,xxdtq8mxegs,1195
xwqBXPGE9pQ,6859,0tmA_C6XwfM,3079
LRw_obCPUt0,5691,Yi4Ij2NM7U4,3070
3eYKfiOEJNs,554,,0
HT5vyqe0Xaw,3728,,0
Yi4Ij2NM7U4,3889,z_6gVvQb2d0,1319
z_6gVvQb2d0,2947,oDXZc0tZe04,9273
37rzWOQsNIw,4730,HT5vyqe0Xaw,8682
LRw_obCPUt0,870,GsAD1KT1xo8,2092
0tmA_C6XwfM,517,LRw_obCPUt0,2188
iVt07TCkFM0,270,,0
PJrm840pAUI,4488,z_6gVvQb2d0,4897
qqR6AEXwxoQ,3105,,0
fWutDQy1nnY,5654,,0
91IHQYk1IQM,493,,0
uGu_10sucQo,1975,,0
JKpqYvAdIsw,2971,,0
JgHubY5Vw3Y,3157,,0
xxdtq8mxegs,899,,0
WxtbjNsCQ8A,1820,,0
jcoYJXDG9sw,587,,0
GsAD1KT1xo8,2330,,0
b626MiF1ew4,2436,z_6gVvQb2d0,245
gzDbaEs1Rlg,814,jcoYJXDG9sw,5363
GsAD1KT1xo8,1359,,0
i3wAGJaaktw,1858,,0
NyBmCxDoHJU,202,0tmA_C6XwfM,1398
WxtbjNsCQ8A,7109,eQu1rNs0an0,4867
EYqVtI9YWJA,2110,4wU_LUjG5Ic,1863
xwqBXPGE9pQ,2948,GsAD1KT1xo8,3794
xwqBXPGE9pQ,6118,,0
kLxoNp-UchI,2928,,0
iVt07TCkFM0,773,oDXZc0tZe04,3776
98MoyGZKHXc,3746,XzYM3PfTM4w,220
WxtbjNsCQ8A,2217,,0
3eYKfiOEJNs,206,,0
XzYM3PfTM4w,2849,,0
37rzWOQsNIw,3894,xxdtq8mxegs,2389
kLxoNp-UchI,3602,,0
JKpqYvAdIsw,2127,oDXZc0tZe04,38
kLxoNp-UchI,3402,,0
jcoYJXDG9sw,5679,,0
E11zDS9XGzg,2579,uGu_10sucQo,2842
XkqCExn6_Us,1989,kLxoNp-UchI,3015
XzYM3PfTM4w,2866,0tmA_C6XwfM,1917
qqR6AEXwxoQ,6342,EYqVtI9YWJA,4395
PJrm840pAUI,1045,,0
i3wAGJaaktw,2611,,0
sTEELN-vY30,936,,0
iVt07TCkFM0,1779,,0
EYqVtI9YWJA,2887,,0
XkqCExn6_Us,1972,-esJrBWj2d8,5485
Bhxk-O1Y7Ho,5752,AwmHb44_ouw,882
WG0MBPpPC6I,5124,fWutDQy1nnY,4388
sTEELN-vY30,1531,,0
fWutDQy1nnY,6946,,0
E11zDS9XGzg,4317,,0
Yi4Ij2NM7U4,8855,VuWGsYPqAX8,5012
37rzWOQsNIw,1030,akI8YFjEmUw,93
E11zDS9XGzg,7837,xwqBXPGE9pQ,6906
oDXZc0tZe04,9472,,0
iVt07TCkFM0,1339,,0
uGu_10sucQo,2748,37rzWOQsNIw,2880
LRw_obCPUt0,3629,,0
EE-bNr36nyA,45,,0
EE-bNr36nyA,601,,0
gzDbaEs1Rlg,262,3eYKfiOEJNs,2993
Yi4Ij2NM7U4,4552,,0
sTEELN-vY30,4249,,0
byxOvuiIJV0,3387,E11zDS9XGzg,10166
gzDbaEs1Rlg,7016,EYqVtI9YWJA,4905
sTEELN-vY30,3295,,0
4wU_LUjG5Ic,2322,b626MiF1ew4,294
37rzWOQsNIw,2577,eQu1rNs0an0,3682
vdmoEJ5YbrQ,733,cjibtmSLxQ4,8469
i3wAGJaaktw,3152,oDXZc0tZe04,3568
EYqVtI9YWJA,575,,0
GsAD1KT1xo8,3400,,0
Bhxk-O1Y7Ho,9369,LRw_obCPUt0,1498
GsAD1KT1xo8,3412,akI8YFjEmUw,312
WG0MBPpPC6I,8463,,0
JKpqYvAdIsw,1638,,0
b626MiF1ew4,648,,0
XzYM3PfTM4w,332,,0
Hl-__g2gn_A,4163,uGu_10sucQo,3260
xxdtq8mxegs,3369,3eYKfiOEJNs,4617
akI8YFjEmUw,2884,,0
qqR6AEXwxoQ,1463,EE-bNr36nyA,1504
cjibtmSLxQ4,11255,,0
PJrm840pAUI,3360,i3wAGJaaktw,639
JKpqYvAdIsw,496,,0
Se3oxnaPsz0,3753,,0
kLxoNp-UchI,3685,,0
eQu1rNs0an0,2654,,0
xmEERLqJ2kU,8617,xwqBXPGE9pQ,4793
z_6gVvQb2d0,4549,,0
Hl-__g2gn_A,2617,,0
iVt07TCkFM0,149,_xMr-HKMfVA,967
byxOvuiIJV0,2165,,0
37rzWOQsNIw,134,,0
xwqBXPGE9pQ,5031,,0
LRw_obCPUt0,1837,RBCABdttQmI,6199
Bhxk-O1Y7Ho,5272,,0
z_6gVvQb2d0,4885,,0
Bhxk-O1Y7Ho,68,,0
iVt07TCkFM0,1120,,0
XkqCExn6_Us,470,gzDbaEs1Rlg,2979
gzDbaEs1Rlg,3070,,0
3eYKfiOEJNs,4593,,0
WG0MBPpPC6I,3867,,0
Se3oxnaPsz0,2925,JgHubY5Vw3Y,3878
iVt07TCkFM0,702,oDXZc0tZe04,1449
E11zDS9XGzg,5355,Yi4Ij2NM7U4,1877
byxOvuiIJV0,643,,0
J0nA4VgnoCo,4505,z_6gVvQb2d0,6348
EYqVtI9YWJA,1330,,0
iVt07TCkFM0,1763,,0
JgHubY5Vw3Y,3940,b626MiF1ew4,358
WxtbjNsCQ8A,24,,0
byxOvuiIJV0,2656,xmEERLqJ2kU,4465
Bhxk-O1Y7Ho,10917,J0nA4VgnoCo,898
b626MiF1ew4,3774,,0
RBCABdttQmI,8535,,0
4wU_LUjG5Ic,1450,AwmHb44_ouw,4139
gzDbaEs1Rlg,2718,E11zDS9XGzg,9033
37rzWOQsNIw,2764,,0
3eYKfiOEJNs,4600,Hl-__g2gn_A,5048
NyBmCxDoHJU,2236,,0
37rzWOQsNIw,1868,-esJrBWj2d8,10
NyBmCxDoHJU,1814,,0
XzYM3PfTM4w,3043,,0
iVt07TCkFM0,1975,VuWGsYPqAX8,3382
EYqVtI9YWJA,999,,0
gzDbaEs1Rlg,1714,,0
WxtbjNsCQ8A,4275,98MoyGZKHXc,2845
3eYKfiOEJNs,1841,,0
LRw_obCPUt0,5110,,0
b626MiF1ew4,377,VuWGsYPqAX8,2258
EYqVtI9YWJA,5502,LRw_obCPUt0,5991
HT5vyqe0Xaw,2723,WG0MBPpPC6I,8376
JKpqYvAdIsw,3448,cjibtmSLxQ4,5344
kLxoNp-UchI,3054,qqR6AEXwxoQ,7180
xxdtq8mxegs,180,,0
Se3oxnaPsz0,611,XzYM3PfTM4w,807
VuWGsYPqAX8,4570,,0
EYqVtI9YWJA,4716,AwmHb44_ouw,7589
z_6gVvQb2d0,6648,XkqCExn6_Us,4137
cjibtmSLxQ4,7701,,0
HT5vyqe0Xaw,9235,GsAD1KT1xo8,3392
NyBmCxDoHJU,65,,0
akI8YFjEmUw,1891,i3wAGJaaktw,2702
oDXZc0tZe04,2750,HT5vyqe0Xaw,6594
EYqVtI9YWJA,451,RBCABdttQmI,9657
HT5vyqe0Xaw,4723,JKpqYvAdIsw,3183
AwmHb44_ouw,1866,,0
LRw_obCPUt0,5418,RBCABdttQmI,8563
NyBmCxDoHJU,4531,,0
z_6gVvQb2d0,5975,XkqCExn6_Us,50
jcoYJXDG9sw,2111,RBCABdttQmI,7528
E11zDS9XGzg,6769,,0
Se3oxnaPsz0,2761,37rzWOQsNIw,1324
z_6gVvQb2d0,6041,cjibtmSLxQ4,7613
EE-bNr36nyA,1574,Hl-__g2gn_A,4474
eQu1rNs0an0,1985,XkqCExn6_Us,2040
_xMr-HKMfVA,866,jcoYJXDG9sw,2458
xxdtq8mxegs,1549,JKpqYvAdIsw,1905
i3wAGJaaktw,2820,,0
GsAD1KT1xo8,3908,Hl-__g2gn_A,2593
oDXZc0tZe04,2281,,0
xwqBXPGE9pQ,3177,,0
EE-bNr36nyA,2459,,0
JgHubY5Vw3Y,1680,,0
xxdtq8mxegs,1860,4wU_LUjG5Ic,600
i3wAGJaaktw,3657,HT5vyqe0Xaw,4600
98MoyGZKHXc,3362,,0
RBCABdttQmI,8749,,0
akI8YFjEmUw,3547,,0
0tmA_C6XwfM,3278,,0
_xMr-HKMfVA,406,iVt07TCkFM0,1342
JgHubY5Vw3Y,1246,WG0MBPpPC6I,3335
qqR6AEXwxoQ,3288,,0
LRw_obCPUt0,3629,,0
_xMr-HKMfVA,968,,0
fWutDQy1nnY,2950,,0
GsAD1KT1xo8,2588,,0
qqR6AEXwxoQ,370,,0
qqR6AEXwxoQ,3778,,0
98MoyGZKHXc,2060,Hl-__g2gn_A,308
4wU_LUjG5Ic,3934,VuWGsYPqAX8,5287
Hl-__g2gn_A,4408,,0
JKpqYvAdIsw,729,xxdtq8mxegs,662
oDXZc0tZe04,7215,,0
0tmA_C6XwfM,1025,,0
akI8YFjEmUw,768,,0
E11zDS9XGzg,12652,,0
eQu1rNs0an0,3852,Bhxk-O1Y7Ho,10198
xmEERLqJ2kU,11231,,0
JgHubY5Vw3Y,4104,,0
WxtbjNsCQ8A,3795,Yi4Ij2NM7U4,9523
RBCABdttQmI,7026,AwmHb44_ouw,1574
_xMr-HKMfVA,3550,LRw_obCPUt0,4111
AwmHb44_ouw,4856,-esJrBWj2d8,6050
byxOvuiIJV0,1397,akI8YFjEmUw,3329
GsAD1KT1xo8,2265,,0
xwqBXPGE9pQ,3559,Yi4Ij2NM7U4,238
JKpqYvAdIsw,530,akI8YFjEmUw,2776
XzYM3PfTM4w,3122,z_6gVvQb2d0,3571
XkqCExn6_Us,4580,z_6gVvQb2d0,138
37rzWOQsNIw,3389,gzDbaEs1Rlg,4962
RBCABdttQmI,4990,WG0MBPpPC6I,3008
Yi4Ij2NM7U4,6700,,0
91IHQYk1IQM,1567,,0
4wU_LUjG5Ic,3128,GsAD1KT1xo8,1548
iVt07TCkFM0,1074,EE-bNr36nyA,2202
E11zDS9XGzg,9944,LRw_obCPUt0,2931
Yi4Ij2NM7U4,6888,,0
NyBmCxDoHJU,3516,3eYKfiOEJNs,4233
jcoYJXDG9sw,817,,0
HT5vyqe0Xaw,943,,0
Se3oxnaPsz0,334,,0
xxdtq8mxegs,3892,,0
JgHubY5Vw3Y,3996,RBCABdttQmI,10564
0tmA_C6XwfM,1740,Bhxk-O1Y7Ho,1697
byxOvuiIJV0,560,JgHubY5Vw3Y,2449
i3wAGJaaktw,4470,,0
i3wAGJaaktw,1317,,0
kLxoNp-UchI,1888,,0
Hl-__g2gn_A,2990,EYqVtI9YWJA,32
uGu_10sucQo,3940,b626MiF1ew4,2277
NyBmCxDoHJU,1353,,0
_xMr-HKMfVA,1727,,0
fWutDQy1nnY,39,,0
Bhxk-O1Y7Ho,4097,kLxoNp-UchI,3509
i3wAGJaaktw,2741,37rzWOQsNIw,2077
byxOvuiIJV0,2866,,0
91IHQYk1IQM,3249,AwmHb44_ouw,9719
byxOvuiIJV0,3505,,0
HT5vyqe0Xaw,8011,,0
_xMr-HKMfVA,3987,,0
oDXZc0tZe04,1311,91IHQYk1IQM,2379
akI8YFjEmUw,1991,Yi4Ij2NM7U4,8391
JKpqYvAdIsw,2312,cjibtmSLxQ4,8438
XkqCExn6_Us,2487,,0
jcoYJXDG9sw,4246,eQu1rNs0an0,3241
VuWGsYPqAX8,1805,37rzWOQsNIw,1986
E11zDS9XGzg,1345,GsAD1KT1xo8,1395
qqR6AEXwxoQ,2435,,0
akI8YFjEmUw,3248,,0
LRw_obCPUt0,1791,akI8YFjEmUw,1405
byxOvuiIJV0,611,,0
uGu_10sucQo,1335,,0
NyBmCxDoHJU,2071,37rzWOQsNIw,574
JgHubY5Vw3Y,642,,0
-esJrBWj2d8,1766,VuWGsYPqAX8,1758
uGu_10sucQo,1112,91IHQYk1IQM,2645
gzDbaEs1Rlg,6813,JKpqYvAdIsw,1870
VuWGsYPqAX8,1056,Yi4Ij2NM7U4,8796
fWutDQy1nnY,7503,Yi4Ij2NM7U4,3629
RBCABdttQmI,2308,xwqBXPGE9pQ,1654
XzYM3PfTM4w,2418,akI8YFjEmUw,3082
3eYKfiOEJNs,3148,98MoyGZKHXc,3488
_xMr-HKMfVA,1360,WG0MBPpPC6I,3299
z_6gVvQb2d0,4714,,0
37rzWOQsNIw,552,qqR6AEXwxoQ,275
z_6gVvQb2d0,1591,,0
-esJrBWj2d8,5611,NyBmCxDoHJU,1348
0tmA_C6XwfM,884,3eYKfiOEJNs,875
PJrm840pAUI,4488,,0
AwmHb44_ouw,7197,,0
3eYKfiOEJNs,217,,0
byxOvuiIJV0,1974,Yi4Ij2NM7U4,1259
GsAD1KT1xo8,3574,,0
byxOvuiIJV0,1498,Se3oxnaPsz0,3429
kLxoNp-UchI,2023,eQu1rNs0an0,498
WG0MBPpPC6I,3033,z_6gVvQb2d0,6201
z_6gVvQb2d0,6450,,0
oDXZc0tZe04,1720,,0
XkqCExn6_Us,5478,4wU_LUjG5Ic,2490
E11zDS9XGzg,4231,,0
XkqCExn6_Us,2217,WG0MBPpPC6I,573
cjibtmSLxQ4,468,uGu_10sucQo,1503
RBCABdttQmI,604,,0
akI8YFjEmUw,3811,,0
EE-bNr36nyA,1503,,0
JgHubY5Vw3Y,2229,,0
xmEERLqJ2kU,11084,,0
vdmoEJ5YbrQ,6728,jcoYJXDG9sw,4839
_xMr-HKMfVA,1016,RBCABdttQmI,7581
xwqBXPGE9pQ,5488,,0
3eYKfiOEJNs,2969,,0
JKpqYvAdIsw,224,,0
JgHubY5Vw3Y,2419,98MoyGZKHXc,3737
4wU_LUjG5Ic,1498,J0nA4VgnoCo,3124
4wU_LUjG5Ic,3141,vdmoEJ5YbrQ,2613
Bhxk-O1Y7Ho,9496,NyBmCxDoHJU,3936
fWutDQy1nnY,14396,JgHubY5Vw3Y,1551
byxOvuiIJV0,548,,0
Bhxk-O1Y7Ho,8698,,0
91IHQYk1IQM,2073,uGu_10sucQo,446
gzDbaEs1Rlg,4343,xmEERLqJ2kU,387
jcoYJXDG9sw,66,EYqVtI9YWJA,852
iVt07TCkFM0,775,,0
Se3oxnaPsz0,1313,WG0MBPpPC6I,1989
JKpqYvAdIsw,3648,-esJrBWj2d8,5569
LRw_obCPUt0,2955,,0
J0nA4VgnoCo,5083,,0
xwqBXPGE9pQ,1104,,0
Bhxk-O1Y7Ho,2054,,0
37rzWOQsNIw,2819,WxtbjNsCQ8A,3848
GsAD1KT1xo8,437,,0
Hl-__g2gn_A,1164,gzDbaEs1Rlg,5206
WxtbjNsCQ8A,7708,,0
_xMr-HKMfVA,1465,EE-bNr36nyA,1853
NyBmCxDoHJU,1938,JgHubY5Vw3Y,232
JKpqYvAdIsw,311,,0
iVt07TCkFM0,948,91IHQYk1IQM,2351
_xMr-HKMfVA,453,JKpqYvAdIsw,1633
vdmoEJ5YbrQ,6894,xmEERLqJ2kU,1212
Hl-__g2gn_A,2611,,0
z_6gVvQb2d0,6149,,0
akI8YFjEmUw,628,,0
3eYKfiOEJNs,2342,NyBmCxDoHJU,1207
VuWGsYPqAX8,3374,GsAD1KT1xo8,999
oDXZc0tZe04,4273,,0
iVt07TCkFM0,1312,xxdtq8mxegs,2356
cjibtmSLxQ4,14281,eQu1rNs0an0,3715
37rzWOQsNIw,268,,0
fWutDQy1nnY,15456,LRw_obCPUt0,2306
EYqVtI9YWJA,1630,uGu_10sucQo,1860
kLxoNp-UchI,3213,LRw_obCPUt0,2200
AwmHb44_ouw,2359,,0
LRw_obCPUt0,72,EYqVtI9YWJA,245
kLxoNp-UchI,774,,0
Yi4Ij2NM7U4,6004,4wU_LUjG5Ic,2062
AwmHb44_ouw,5989,qqR6AEXwxoQ,540
Se3oxnaPsz0,1485,,0
WxtbjNsCQ8A,2743,,0
akI8YFjEmUw,3653,91IHQYk1IQM,1462
cjibtmSLxQ4,17532,iVt07TCkFM0,722
4wU_LUjG5Ic,646,XkqCExn6_Us,3558
JgHubY5Vw3Y,1998,,0
E11zDS9XGzg,1598,,0
98MoyGZKHXc,1924,xxdtq8mxegs,2523
xwqBXPGE9pQ,4152,,0
xwqBXPGE9pQ,6950,HT5vyqe0Xaw,1087
JKpqYvAdIsw,2993,,0
oDXZc0tZe04,1896,iVt07TCkFM0,1552
cjibtmSLxQ4,10459,qqR6AEXwxoQ,6857
xmEERLqJ2kU,13121,,0
xwqBXPGE9pQ,2182,PJrm840pAUI,3388
uGu_10sucQo,182,fWutDQy1nnY,12582
J0nA4VgnoCo,2499,,0
JgHubY5Vw3Y,72,,0
-esJrBWj2d8,4417,,0
byxOvuiIJV0,2618,,0
byxOvuiIJV0,2761,LRw_obCPUt0,1953
qqR6AEXwxoQ,1771,WG0MBPpPC6I,8356
EE-bNr36nyA,822,iVt07TCkFM0,2220
z_6gVvQb2d0,8055,Yi4Ij2NM7U4,1671
i3wAGJaaktw,560,,0
JKpqYvAdIsw,241,_xMr-HKMfVA,1244
kLxoNp-UchI,2670,37rzWOQsNIw,5155
WxtbjNsCQ8A,6939,,0
b626MiF1ew4,2747,,0
eQu1rNs0an0,2898,,0
EYqVtI9YWJA,409,,0
akI8YFjEmUw,1977,,0
WG0MBPpPC6I,7577,,0
i3wAGJaaktw,3176,,0
VuWGsYPqAX8,3543,98MoyGZKHXc,4503
RBCABdttQmI,164,,0
z_6gVvQb2d0,5045,,0
E11zDS9XGzg,5127,EE-bNr36nyA,451
37rzWOQsNIw,3903,sTEELN-vY30,2109
cjibtmSLxQ4,3848,RBCABdttQmI,1697
oDXZc0tZe04,8684,J0nA4VgnoCo,7307
iVt07TCkFM0,2350,,0
VuWGsYPqAX8,3020,,0
oDXZc0tZe04,2110,XzYM3PfTM4w,2320
WxtbjNsCQ8A,2508,PJrm840pAUI,4933
b626MiF1ew4,3723,,0
sTEELN-vY30,2837,,0
gzDbaEs1Rlg,4948,,0
PJrm840pAUI,2801,,0
i3wAGJaaktw,319,,0
37rzWOQsNIw,4960,HT5vyqe0Xaw,9467
NyBmCxDoHJU,488,byxOvuiIJV0,1655
WxtbjNsCQ8A,698,,0
GsAD1KT1xo8,2740,gzDbaEs1Rlg,4828
3eYKfiOEJNs,410,z_6gVvQb2d0,5471
qqR6AEXwxoQ,3347,,0
b626MiF1ew4,2878,,0
qqR6AEXwxoQ,7685,JgHubY5Vw3Y,1085
PJrm840pAUI,1203,PJrm840pAUI,1381
xxdtq8mxegs,3049,,0
3eYKfiOEJNs,3861,,0
eQu1rNs0an0,2955,eQu1rNs0an0,765
J0nA4VgnoCo,13426,E11zDS9XGzg,10260
WxtbjNsCQ8A,4615,XzYM3PfTM4w,681
eQu1rNs0an0,2944,,0
WG0MBPpPC6I,3760,,0
WG0MBPpPC6I,6939,Se3oxnaPsz0,1598
Hl-__g2gn_A,4461,eQu1rNs0an0,3275
RBCABdttQmI,1714,_xMr-HKMfVA,519
NyBmCxDoHJU,4458,,0
Bhxk-O1Y7Ho,4869,xxdtq8mxegs,452
XzYM3PfTM4w,1979,3eYKfiOEJNs,1611
WG0MBPpPC6I,3096,,0
_xMr-HKMfVA,429,,0
cjibtmSLxQ4,6333,,0
Yi4Ij2NM7U4,2319,,0
b626MiF1ew4,52,eQu1rNs0an0,3256
kLxoNp-UchI,2973,sTEELN-vY30,1231
i3wAGJaaktw,3535,,0
z_6gVvQb2d0,5361,AwmHb44_ouw,10252
JgHubY5Vw3Y,3943,WG0MBPpPC6I,4759
JgHubY5Vw3Y,2311,,0
xmEERLqJ2kU,10349,LRw_obCPUt0,3580
sTEELN-vY30,919,xmEERLqJ2kU,8152
WG0MBPpPC6I,3970,,0
sTEELN-vY30,3869,,0
WG0MBPpPC6I,4327,,0
WG0MBPpPC6I,7336,qqR6AEXwxoQ,2403
WG0MBPpPC6I,468,4wU_LUjG5Ic,3927
Se3oxnaPsz0,600,-esJrBWj2d8,6360
vdmoEJ5YbrQ,6883,WxtbjNsCQ8A,4805
b626MiF1ew4,1557,,0
gzDbaEs1Rlg,126,,0
0tmA_C6XwfM,2704,E11zDS9XGzg,14636
AwmHb44_ouw,3794,,0
XkqCExn6_Us,180,,0
xmEERLqJ2kU,6943,jcoYJXDG9sw,1217
VuWGsYPqAX8,361,WG0MBPpPC6I,375
4wU_LUjG5Ic,298,,0
-esJrBWj2d8,4412,Yi4Ij2NM7U4,1927
z_6gVvQb2d0,208,,0
b626MiF1ew4,597,GsAD1KT1xo8,206
vdmoEJ5YbrQ,4445,HT5vyqe0Xaw,1
oDXZc0tZe04,7091,,0
xwqBXPGE9pQ,6059,oDXZc0tZe04,5818
91IHQYk1IQM,1363,,0
z_6gVvQb2d0,3121,Se3oxnaPsz0,764
RBCABdttQmI,8031,,0
iVt07TCkFM0,2004,,0
JgHubY5Vw3Y,852,,0
NyBmCxDoHJU,990,qqR6AEXwxoQ,6659
98MoyGZKHXc,3052,98MoyGZKHXc,591
98MoyGZKHXc,37,98MoyGZKHXc,1126
GsAD1KT1xo8,2816,VuWGsYPqAX8,710
byxOvuiIJV0,948,AwmHb44_ouw,5715
xmEERLqJ2kU,6547,,0
Se3oxnaPsz0,1180,-esJrBWj2d8,5856
cjibtmSLxQ4,13009,,0
AwmHb44_ouw,6640,J0nA4VgnoCo,5920
JKpqYvAdIsw,2875,XzYM3PfTM4w,1788
xwqBXPGE9pQ,2783,EE-bNr36nyA,424
WxtbjNsCQ8A,5113,xwqBXPGE9pQ,6339
byxOvuiIJV0,2300,Yi4Ij2NM7U4,968
HT5vyqe0Xaw,5137,fWutDQy1nnY,8696
EE-bNr36nyA,1592,4wU_LUjG5Ic,317
VuWGsYPqAX8,840,eQu1rNs0an0,3809
jcoYJXDG9sw,1486,,0
sTEELN-vY30,3424,,0
Hl-__g2gn_A,4881,xmEERLqJ2kU,5388
i3wAGJaaktw,1234,J0nA4VgnoCo,54
JKpqYvAdIsw,3650,,0
GsAD1KT1xo8,1278,,0
_xMr-HKMfVA,1699,,0
WG0MBPpPC6I,4240,,0
WG0MBPpPC6I,1043,,0
sTEELN-vY30,3185,4wU_LUjG5Ic,2342
i3wAGJaaktw,2100,kLxoNp-UchI,1967
cjibtmSLxQ4,10159,EYqVtI9YWJA,253
91IHQYk1IQM,1866,,0
GsAD1KT1xo8,4132,,0
XzYM3PfTM4w,302,,0
byxOvuiIJV0,625,,0
eQu1rNs0an0,3939,,0
E11zDS9XGzg,8417,sTEELN-vY30,3094
LRw_obCPUt0,1017,sTEELN-vY30,1112
jcoYJXDG9sw,3862,,0
cjibtmSLxQ4,5698,akI8YFjEmUw,1801
akI8YFjEmUw,830,,0
byxOvuiIJV0,2067,XkqCExn6_Us,884
EE-bNr36nyA,1631,,0
cjibtmSLxQ4,10865,,0
z_6gVvQb2d0,5111,,0
PJrm840pAUI,4760,3eYKfiOEJNs,711
jcoYJXDG9sw,2094,,0
3eYKfiOEJNs,1622,WxtbjNsCQ8A,5056
b626MiF1ew4,4792,EYqVtI9YWJA,4360
J0nA4VgnoCo,11140,Hl-__g2gn_A,4170
jcoYJXDG9sw,4568,,0
eQu1rNs0an0,3733,LRw_obCPUt0,5795
z_6gVvQb2d0,7236,,0
VuWGsYPqAX8,2485,,0
gzDbaEs1Rlg,4883,,0
91IHQYk1IQM,1005,,0
fWutDQy1nnY,1878,EYqVtI9YWJA,1506
JKpqYvAdIsw,1421,XzYM3PfTM4w,1976
Hl-__g2gn_A,12,,0
NyBmCxDoHJU,1675,,0
xwqBXPGE9pQ,360,E11zDS9XGzg,3870
NyBmCxDoHJU,150,sTEELN-vY30,2171
EYqVtI9YWJA,3821,b626MiF1ew4,2988
PJrm840pAUI,4216,,0
Hl-__g2gn_A,2153,gzDbaEs1Rlg,5976
0tmA_C6XwfM,558,iVt07TCkFM0,1392
uGu_10sucQo,1965,,0
Bhxk-O1Y7Ho,5683,kLxoNp-UchI,147
Hl-__g2gn_A,1081,iVt07TCkFM0,1129
oDXZc0tZe04,5519,WG0MBPpPC6I,3068
3eYKfiOEJNs,1101,,0
_xMr-HKMfVA,3368,Yi4Ij2NM7U4,7873
_xMr-HKMfVA,2566,91IHQYk1IQM,1827
Se3oxnaPsz0,632,,0
-esJrBWj2d8,4134,4wU_LUjG5Ic,1949
WxtbjNsCQ8A,113,Hl-__g2gn_A,447
jcoYJXDG9sw,1612,,0
JKpqYvAdIsw,1203,-esJrBWj2d8,6286
z_6gVvQb2d0,1661,EYqVtI9YWJA,4633
RBCABdttQmI,3787,VuWGsYPqAX8,3758
sTEELN-vY30,3234,HT5vyqe0Xaw,324
JgHubY5Vw3Y,3184,i3wAGJaaktw,873
37rzWOQsNIw,5212,,0
iVt07TCkFM0,1282,b626MiF1ew4,5595
VuWGsYPqAX8,814,xwqBXPGE9pQ,855
sTEELN-vY30,655,qqR6AEXwxoQ,1910
cjibtmSLxQ4,13026,AwmHb44_ouw,10221
jcoYJXDG9sw,5339,,0
E11zDS9XGzg,2277,i3wAGJaaktw,3990
98MoyGZKHXc,2889,,0
qqR6AEXwxoQ,5376,,0
gzDbaEs1Rlg,4090,Bhxk-O1Y7Ho,10977
fWutDQy1nnY,12147,,0
xmEERLqJ2kU,6739,,0
LRw_obCPUt0,2331,xwqBXPGE9pQ,6690
byxOvuiIJV0,1856,vdmoEJ5YbrQ,2513
VuWGsYPqAX8,1264,,0
PJrm840pAUI,4389,,0
byxOvuiIJV0,2165,,0
3eYKfiOEJNs,2767,,0
J0nA4VgnoCo,12678,98MoyGZKHXc,275
uGu_10sucQo,3881,,0
LRw_obCPUt0,4662,Se3oxnaPsz0,3038
sTEELN-vY30,2110,RBCABdttQmI,9236
AwmHb44_ouw,5108,b626MiF1ew4,3151
sTEELN-vY30,776,iVt07TCkFM0,1308
xwqBXPGE9pQ,5057,,0
JKpqYvAdIsw,925,EYqVtI9YWJA,5871
J0nA4VgnoCo,1765,,0
EYqVtI9YWJA,3283,,0
iVt07TCkFM0,867,akI8YFjEmUw,1502
HT5vyqe0Xaw,8335,,0
z_6gVvQb2d0,8195,WxtbjNsCQ8A,2409
PJrm840pAUI,5659,gzDbaEs1Rlg,855
PJrm840pAUI,203,98MoyGZKHXc,2717
AwmHb44_ouw,2771,,0
Bhxk-O1Y7Ho,5202,,0
i3wAGJaaktw,2837,,0
sTEELN-vY30,1539,PJrm840pAUI,361
PJrm840pAUI,5583,,0
JKpqYvAdIsw,266,,0
gzDbaEs1Rlg,183,,0
E11zDS9XGzg,8540,HT5vyqe0Xaw,1083
kLxoNp-UchI,3796,,0
gzDbaEs1Rlg,2118,,0
fWutDQy1nnY,11297,4wU_LUjG5Ic,3756
98MoyGZKHXc,3695,98MoyGZKHXc,4013
JgHubY5Vw3Y,1354,,0
byxOvuiIJV0,3393,,0
EYqVtI9YWJA,3443,-esJrBWj2d8,49
byxOvuiIJV0,1204,,0
qqR6AEXwxoQ,4754,Bhxk-O1Y7Ho,9077
vdmoEJ5YbrQ,4201,JKpqYvAdIsw,1622
VuWGsYPqAX8,4083,,0
cjibtmSLxQ4,15161,sTEELN-vY30,2576
Se3oxnaPsz0,898,,0
gzDbaEs1Rlg,4805,_xMr-HKMfVA,4400
xmEERLqJ2kU,4199,,0
J0nA4VgnoCo,13488,xxdtq8mxegs,2859
EE-bNr36nyA,2457,0tmA_C6XwfM,1037
J0nA4VgnoCo,13729,iVt07TCkFM0,503
E11zDS9XGzg,4297,Yi4Ij2NM7U4,2240
LRw_obCPUt0,4967,EYqVtI9YWJA,3403
JKpqYvAdIsw,656,gzDbaEs1Rlg,1364
xmEERLqJ2kU,303,,0
akI8YFjEmUw,2124,,0
cjibtmSLxQ4,3715,,0
LRw_obCPUt0,1817,iVt07TCkFM0,1908
oDXZc0tZe04,3764,,0
Hl-__g2gn_A,5101,EYqVtI9YWJA,4609
_xMr-HKMfVA,3040,,0
37rzWOQsNIw,3101,,0
eQu1rNs0an0,2544,,0
fWutDQy1nnY,916,98MoyGZKHXc,489
akI8YFjEmUw,602,98MoyGZKHXc,2595
xxdtq8mxegs,1634,XzYM3PfTM4w,60
WxtbjNsCQ8A,3202,i3wAGJaaktw,3609
qqR6AEXwxoQ,4246,JKpqYvAdIsw,444
WG0MBPpPC6I,8253,,0
JKpqYvAdIsw,32,,0
AwmHb44_ouw,2173,xmEERLqJ2kU,11901
oDXZc0tZe04,2110,,0
Hl-__g2gn_A,3892,EE-bNr36nyA,2765
PJrm840pAUI,3896,,0
sTEELN-vY30,2896,,0
sTEELN-vY30,2229,,0
byxOvuiIJV0,1038,,0
byxOvuiIJV0,1076,,0
LRw_obCPUt0,5892,,0
WxtbjNsCQ8A,6382,xwqBXPGE9pQ,2623
37rzWOQsNIw,4868,,0
jcoYJXDG9sw,3582,Hl-__g2gn_A,5758
xxdtq8mxegs,2163,J0nA4VgnoCo,8713
z_6gVvQb2d0,8164,z_6gVvQb2d0,1244
xmEERLqJ2kU,538,,0
-esJrBWj2d8,2719,,0
xmEERLqJ2kU,9725,,0
i3wAGJaaktw,2692,,0
EE-bNr36nyA,2318,,0
jcoYJXDG9sw,1762,qqR6AEXwxoQ,5551
akI8YFjEmUw,3584,4wU_LUjG5Ic,2206
byxOvuiIJV0,2983,91IHQYk1IQM,1513
xwqBXPGE9pQ,2057,,0
JgHubY5Vw3Y,1220,,0
37rzWOQsNIw,3234,PJrm840pAUI,2821
b626MiF1ew4,2124,98MoyGZKHXc,527
WxtbjNsCQ8A,1319,,0
-esJrBWj2d8,678,i3wAGJaaktw,1429
oDXZc0tZe04,1707,,0
jcoYJXDG9sw,1203,,0
PJrm840pAUI,1615,,0
byxOvuiIJV0,2014,gzDbaEs1Rlg,523
WG0MBPpPC6I,1651,qqR6AEXwxoQ,2482
EYqVtI9YWJA,3222,,0
E11zDS9XGzg,13752,,0
J0nA4VgnoCo,2782,,0
91IHQYk1IQM,2036,,0
fWutDQy1nnY,12835,,0
AwmHb44_ouw,2276,,0
b626MiF1ew4,143,Hl-__g2gn_A,2125
uGu_10sucQo,3390,,0
RBCABdttQmI,5785,oDXZc0tZe04,2807
XzYM3PfTM4w,2279,RBCABdttQmI,6798
i3wAGJaaktw,3993,Bhxk-O1Y7Ho,10148
b626MiF1ew4,415,3eYKfiOEJNs,1366
PJrm840pAUI,1836,,0
WG0MBPpPC6I,489,,0
EE-bNr36nyA,891,vdmoEJ5YbrQ,6949
98MoyGZKHXc,2620,NyBmCxDoHJU,4419
eQu1rNs0an0,3805,,0
uGu_10sucQo,3220,,0
GsAD1KT1xo8,1099,AwmHb44_ouw,8857
VuWGsYPqAX8,4334,,0
iVt07TCkFM0,628,NyBmCxDoHJU,2094
EE-bNr36nyA,424,NyBmCxDoHJU,4562
oDXZc0tZe04,9900,b626MiF1ew4,2847
J0nA4VgnoCo,4000,iVt07TCkFM0,1431
RBCABdttQmI,8860,eQu1rNs0an0,207
Se3oxnaPsz0,1039,,0
XkqCExn6_Us,2705,gzDbaEs1Rlg,678
WxtbjNsCQ8A,3973,,0
cjibtmSLxQ4,4614,,0
iVt07TCkFM0,1753,Se3oxnaPsz0,440
Se3oxnaPsz0,270,,0
Se3oxnaPsz0,3112,,0
AwmHb44_ouw,8527,sTEELN-vY30,239
vdmoEJ5YbrQ,678,,0
EE-bNr36nyA,564,,0
Yi4Ij2NM7U4,9077,byxOvuiIJV0,2102
_xMr-HKMfVA,418,LRw_obCPUt0,2079
-esJrBWj2d8,4387,,0
Se3oxnaPsz0,3158,akI8YFjEmUw,3186
XzYM3PfTM4w,1483,,0
iVt07TCkFM0,1442,PJrm840pAUI,2909
GsAD1KT1xo8,3424,Bhxk-O1Y7Ho,12025
b626MiF1ew4,844,,0
z_6gVvQb2d0,2809,VuWGsYPqAX8,42
byxOvuiIJV0,356,VuWGsYPqAX8,4113
J0nA4VgnoCo,9727,,0
XzYM3PfTM4w,126,,0
xxdtq8mxegs,2024,,0
AwmHb44_ouw,371,gzDbaEs1Rlg,6695
xwqBXPGE9pQ,2482,,0
3eYKfiOEJNs,2207,AwmHb44_ouw,252
uGu_10sucQo,2854,LRw_obCPUt0,5789
_xMr-HKMfVA,1249,,0
HT5vyqe0Xaw,4429,AwmHb44_ouw,8090
z_6gVvQb2d0,7390,,0
91IHQYk1IQM,1801,,0
xmEERLqJ2kU,2750,,0
37rzWOQsNIw,190,,0
cjibtmSLxQ4,9288,PJrm840pAUI,3733
AwmHb44_ouw,988,iVt07TCkFM0,406
91IHQYk1IQM,78,,0
JgHubY5Vw3Y,3042,,0
NyBmCxDoHJU,3418,-esJrBWj2d8,5072
xwqBXPGE9pQ,4258,GsAD1KT1xo8,2021
xmEERLqJ2kU,2734,HT5vyqe0Xaw,1435
GsAD1KT1xo8,887,,0
b626MiF1ew4,595,cjibtmSLxQ4,8055
xxdtq8mxegs,3837,XzYM3PfTM4w,2105
Yi4Ij2NM7U4,802,,0
akI8YFjEmUw,3732,,0
4wU_LUjG5Ic,3898,xmEERLqJ2kU,9240
vdmoEJ5YbrQ,4431,fWutDQy1nnY,3684
HT5vyqe0Xaw,1285,b626MiF1ew4,3273
gzDbaEs1Rlg,962,,0
XkqCExn6_Us,4441,sTEELN-vY30,238
akI8YFjEmUw,2156,3eYKfiOEJNs,453
xwqBXPGE9pQ,4963,,0
RBCABdttQmI,2841,,0
xmEERLqJ2kU,2666,,0
JgHubY5Vw3Y,3007,,0
GsAD1KT1xo8,3879,91IHQYk1IQM,979
EYqVtI9YWJA,3731,,0
RBCABdttQmI,4048,,0
WG0MBPpPC6I,6327,AwmHb44_ouw,8958
eQu1rNs0an0,4200,iVt07TCkFM0,1546
z_6gVvQb2d0,5146,,0
iVt07TCkFM0,268,,0
-esJrBWj2d8,144,4wU_LUjG5Ic,2231
JgHubY5Vw3Y,2108,jcoYJXDG9sw,2153
EYqVtI9YWJA,2878,WxtbjNsCQ8A,5649
98MoyGZKHXc,2820,,0
akI8YFjEmUw,2989,akI8YFjEmUw,1825
b626MiF1ew4,3002,Yi4Ij2NM7U4,6202
VuWGsYPqAX8,4699,,0
Se3oxnaPsz0,405,,0
uGu_10sucQo,1475,eQu1rNs0an0,3683
37rzWOQsNIw,1366,HT5vyqe0Xaw,4146
akI8YFjEmUw,2245,Bhxk-O1Y7Ho,8745
gzDbaEs1Rlg,3280,kLxoNp-UchI,106
AwmHb44_ouw,4003,,0
HT5vyqe0Xaw,4698,qqR6AEXwxoQ,1651
_xMr-HKMfVA,1046,,0
0tmA_C6XwfM,573,jcoYJXDG9sw,3980
xmEERLqJ2kU,6262,kLxoNp-UchI,1479
NyBmCxDoHJU,4299,,0
0tmA_C6XwfM,1247,byxOvuiIJV0,774
byxOvuiIJV0,2257,,0
vdmoEJ5YbrQ,3637,qqR6AEXwxoQ,1221
VuWGsYPqAX8,5285,,0
b626MiF1ew4,1864,WG0MBPpPC6I,8409
_xMr-HKMfVA,2357,,0
oDXZc0tZe04,1706,uGu_10sucQo,3426
xwqBXPGE9pQ,370,,0
XzYM3PfTM4w,523,oDXZc0tZe04,773
0tmA_C6XwfM,2466,sTEELN-vY30,1065
WxtbjNsCQ8A,2074,,0
Se3oxnaPsz0,2660,,0
JKpqYvAdIsw,339,b626MiF1ew4,3934
fWutDQy1nnY,13320,,0
Hl-__g2gn_A,750,i3wAGJaaktw,2436
z_6gVvQb2d0,2543,,0
Se3oxnaPsz0,348,EE-bNr36nyA,1976
HT5vyqe0Xaw,9082,,0
HT5vyqe0Xaw,7559,,0
vdmoEJ5YbrQ,8600,,0
WxtbjNsCQ8A,5554,GsAD1KT1xo8,789
EYqVtI9YWJA,2001,,0
iVt07TCkFM0,2096,oDXZc0tZe04,9115
Bhxk-O1Y7Ho,4864,uGu_10sucQo,2267
i3wAGJaaktw,2286,,0
kLxoNp-UchI,2366,-esJrBWj2d8,3858
xmEERLqJ2kU,972,,0
4wU_LUjG5Ic,1248,,0
vdmoEJ5YbrQ,6174,,0
WxtbjNsCQ8A,7536,37rzWOQsNIw,2363
z_6gVvQb2d0,4606,WxtbjNsCQ8A,2114
z_6gVvQb2d0,6325,,0
Yi4Ij2NM7U4,9009,EE-bNr36nyA,1479
xxdtq8mxegs,3359,,0
WG0MBPpPC6I,1936,,0
xwqBXPGE9pQ,3344,qqR6AEXwxoQ,6409
xmEERLqJ2kU,6725,JKpqYvAdIsw,1350
gzDbaEs1Rlg,392,,0
WxtbjNsCQ8A,5188,0tmA_C6XwfM,2289
eQu1rNs0an0,2477,,0
EE-bNr36nyA,1881,xxdtq8mxegs,3068
VuWGsYPqAX8,1596,fWutDQy1nnY,5646
98MoyGZKHXc,4107,J0nA4VgnoCo,4132
kLxoNp-UchI,1293,,0
VuWGsYPqAX8,223,,0
WG0MBPpPC6I,5425,,0
91IHQYk1IQM,2810,,0
91IHQYk1IQM,432,,0
xxdtq8mxegs,1558,,0
37rzWOQsNIw,567,3eYKfiOEJNs,2611
fWutDQy1nnY,14372,,0
z_6gVvQb2d0,3228,Se3oxnaPsz0,3425
_xMr-HKMfVA,1077,,0
WxtbjNsCQ8A,3180,,0
xxdtq8mxegs,3979,,0
JKpqYvAdIsw,2238,,0
akI8YFjEmUw,3465,_xMr-HKMfVA,2806
E11zDS9XGzg,6698,,0
xwqBXPGE9pQ,2880,,0
b626MiF1ew4,3006,,0
GsAD1KT1xo8,1308,PJrm840pAUI,2021
akI8YFjEmUw,2351,,0
jcoYJXDG9sw,4367,,0
Yi4Ij2NM7U4,5638,,0
XkqCExn6_Us,1949,,0
_xMr-HKMfVA,1772,,0
-esJrBWj2d8,2818,,0
RBCABdttQmI,6565,,0
LRw_obCPUt0,3230,,0
J0nA4VgnoCo,4675,,0
gzDbaEs1Rlg,5102,,0
EYqVtI9YWJA,4683,uGu_10sucQo,3058
EE-bNr36nyA,996,0tmA_C6XwfM,2010
Bhxk-O1Y7Ho,7311,,0
akI8YFjEmUw,2142,,0
uGu_10sucQo,610,HT5vyqe0Xaw,9499
PJrm840pAUI,1224,,0
eQu1rNs0an0,4189,0tmA_C6XwfM,1702
oDXZc0tZe04,1422,,0
gzDbaEs1Rlg,5867,37rzWOQsNIw,4364
i3wAGJaaktw,1652,,0
NyBmCxDoHJU,4359,iVt07TCkFM0,782
i3wAGJaaktw,2821,xmEERLqJ2kU,50
XzYM3PfTM4w,1792,,0
RBCABdttQmI,1311,,0
EYqVtI9YWJA,2710,0tmA_C6XwfM,1294
JgHubY5Vw3Y,645,LRw_obCPUt0,5536
VuWGsYPqAX8,2794,E11zDS9XGzg,5170
iVt07TCkFM0,30,,0
kLxoNp-UchI,545,,0
RBCABdttQmI,7792,,0
Hl-__g2gn_A,4713,,0
XzYM3PfTM4w,612,,0
0tmA_C6XwfM,2950,Se3oxnaPsz0,1720
WxtbjNsCQ8A,334,,0
XzYM3PfTM4w,2499,EYqVtI9YWJA,5059
GsAD1KT1xo8,250,,0
vdmoEJ5YbrQ,1979,,0
PJrm840pAUI,5009,,0
Bhxk-O1Y7Ho,12304,cjibtmSLxQ4,1697
WG0MBPpPC6I,8757,Hl-__g2gn_A,1140
z_6gVvQb2d0,1354,byxOvuiIJV0,1285
JKpqYvAdIsw,3025,,0
fWutDQy1nnY,8995,RBCABdttQmI,2408
Hl-__g2gn_A,4612,,0
XkqCExn6_Us,1789,byxOvuiIJV0,1657
qqR6AEXwxoQ,116,,0
91IHQYk1IQM,3097,,0
WG0MBPpPC6I,6234,,0
91IHQYk1IQM,2348,,0
vdmoEJ5YbrQ,8384,,0
Hl-__g2gn_A,4323,,0
xwqBXPGE9pQ,4802,,0
-esJrBWj2d8,5169,,0
EE-bNr36nyA,2300,,0
E11zDS9XGzg,660,,0
akI8YFjEmUw,2543,XzYM3PfTM4w,1994
HT5vyqe0Xaw,1541,sTEELN-vY30,1571
z_6gVvQb2d0,5839,,0
4wU_LUjG5Ic,271,,0
4wU_LUjG5Ic,1996,WxtbjNsCQ8A,4958
J0nA4VgnoCo,13949,,0
jcoYJXDG9sw,1879,,0
sTEELN-vY30,3252,98MoyGZKHXc,3175
byxOvuiIJV0,3356,,0
uGu_10sucQo,220,,0
byxOvuiIJV0,279,,0
xmEERLqJ2kU,4517,,0
iVt07TCkFM0,258,,0
J0nA4VgnoCo,10490,,0
PJrm840pAUI,2403,Se3oxnaPsz0,1765
LRw_obCPUt0,2249,Bhxk-O1Y7Ho,9179
fWutDQy1nnY,9604,,0
VuWGsYPqAX8,2309,,0
iVt07TCkFM0,2251,fWutDQy1nnY,12886
E11zDS9XGzg,11220,,0
EYqVtI9YWJA,1286,akI8YFjEmUw,3919
E11zDS9XGzg,9052,z_6gVvQb2d0,5218
-esJrBWj2d8,1329,,0
91IHQYk1IQM,689,cjibtmSLxQ4,3801
qqR6AEXwxoQ,2273,Bhxk-O1Y7Ho,7541
