gzDbaEs1Rlg,3568,,0,"[0, 0, 0, 0, 0, 0, 0, 0, 0]"
z_6gVvQb2d0,698,Hl-__g2gn_A,393,"[0, 0, 0, 0, 0, 0, 1, 0, 0]"
b626MiF1ew4,1388,,0,"[0, 0, 0, 0, 0, 0, 0, 0, 0]"
qqR6AEXwxoQ,1678,,0,"[0, 0, 0, 0, 0, 0, 0, 0, 0]"
Bhxk-O1Y7Ho,11287,WG0MBPpPC6I,4058,"[0, 0, 0, 1, 0, 0, 0, 0, 0]"
cjibtmSLxQ4,1546,,0,"[0, 0, 0, 0, 0, 0, 0, 0, 0]"
NyBmCxDoHJU,396,xwqBXPGE9pQ,618,"[0, 0, 0, 0, 0, 1, 0, 0, 0]"
VuWGsYPqAX8,1422,byxOvuiIJV0,2676,"[0, 0, 1, 0, 0, 0, 0, 0, 0]"
sTEELN-vY30,3691,,0,"[0, 0, 0, 0, 0, 0, 0, 0, 0]"
sTEELN-vY30,1111,WxtbjNsCQ8A,7131,"[0, 0, 1, 0, 0, 0, 0, 0, 0]"
_xMr-HKMfVA,2382,,0,"[0, 0, 0, 0, 0, 0, 0, 0, 0]"
z_6gVvQb2d0,4744,E11zDS9XGzg,1917,"[0, 0, 0, 0, 0, 0, 0, 0, 1]"
kLxoNp-UchI,2736,,0,"[0, 0, 0, 0, 0, 0, 0, 0, 0]"
E11zDS9XGzg,5191,,0,"[0, 0, 0, 0, 0, 0, 0, 0, 0]"
J0nA4VgnoCo,5955,XzYM3PfTM4w,1992,"[0, 0, 0, 0, 0, 1, 0, 0, 0]"
EYqVtI9YWJA,1249,,0,"[0, 0, 0, 0, 0, 0, 0, 0, 0]"
LRw_obCPUt0,904,,0,"[0, 0, 0, 0, 0, 0, 0, 0, 0]"
kLxoNp-UchI,1052,4wU_LUjG5Ic,263,"[0, 0, 0, 1, 0, 0, 0, 0, 0]"
J0nA4VgnoCo,3973,z_6gVvQb2d0,3520,"[0, 0, 0, 0, 1, 0, 0, 0, 0]"
-esJrBWj2d8,2852,,0,"[0, 0, 0, 0, 0, 0, 0, 0, 0]"
cjibtmSLxQ4,15181,WxtbjNsCQ8A,2145,"[0, 0, 0, 0, 0, 1, 0, 0, 0]"
J0nA4VgnoCo,8801,,0,"[0, 0, 0, 0, 0, 0, 0, 0, 0]"
0tmA_C6XwfM,2504,,0,"[0, 0, 0, 0, 0, 0, 0, 0, 0]"
NyBmCxDoHJU,2885,qqR6AEXwxoQ,243,"[0, 1, 0, 0, 0, 0, 0, 0, 0]"
xwqBXPGE9pQ,109,,0,"[0, 0, 0, 0, 0, 0, 0, 0, 0]"
iVt07TCkFM0,271,,0,"[0, 0, 0, 0, 0, 0, 0, 0, 0]"
-esJrBWj2d8,5201,,0,"[0, 0, 0, 0, 0, 0, 0, 0, 0]"
z_6gVvQb2d0,3531,cjibtmSLxQ4,16894,"[0, 0, 1, 0, 0, 0, 0, 0, 0]"
kLxoNp-UchI,277,EE-bNr36nyA,2796,"[0, 0, 0, 0, 0, 1, 0, 0, 0]"
WxtbjNsCQ8A,7619,qqR6AEXwxoQ,1152,"[0, 0, 0, 0, 0, 0, 0, 0, 1]"
byxOvuiIJV0,2974,,0,"[0, 0, 0, 0, 0, 0, 0, 0, 0]"
PJrm840pAUI,909,,0,"[0, 0, 0, 0, 0, 0, 0, 0, 0]"
WG0MBPpPC6I,6993,JgHubY5Vw3Y,1996,"[0, 0, 1, 0, 0, 0, 0, 0, 0]"
Bhxk-O1Y7Ho,2420,kLxoNp-UchI,2160,"[0, 0, 0, 0, 0, 0, 1, 0, 0]"
cjibtmSLxQ4,2451,oDXZc0tZe04,6628,"[0, 0, 0, 1, 0, 0, 0, 0, 0]"
Hl-__g2gn_A,1566,,0,"[0, 0, 0, 0, 0, 0, 0, 0, 0]"
Bhxk-O1Y7Ho,2484,0tmA_C6XwfM,723,"[0, 1, 0, 0, 0, 0, 0, 0, 0]"
Se3oxnaPsz0,2570,4wU_LUjG5Ic,3077,"[0, 0, 0, 0, 0, 0, 1, 0, 0]"
Yi4Ij2NM7U4,9219,3eYKfiOEJNs,2422,"[0, 0, 0, 0, 0, 1, 0, 0, 0]"
cjibtmSLxQ4,18623,,0,"[0, 0, 0, 0, 0, 0, 0, 0, 0]"
PJrm840pAUI,732,0tmA_C6XwfM,2881,"[0, 0, 1, 0, 0, 0, 0, 0, 0]"
RBCABdttQmI,10215,kLxoNp-UchI,934,"[0, 0, 0, 0, 0, 0, 1, 0, 0]"
Bhxk-O1Y7Ho,12520,NyBmCxDoHJU,2290,"[0, 0, 0, 0, 0, 1, 0, 0, 0]"
cjibtmSLxQ4,5976,,0,"[0, 0, 0, 0, 0, 0, 0, 0, 0]"
LRw_obCPUt0,4158,,0,"[0, 0, 0, 0, 0, 0, 0, 0, 0]"
WG0MBPpPC6I,892,,0,"[0, 0, 0, 0, 0, 0, 0, 0, 0]"
sTEELN-vY30,4231,,0,"[0, 0, 0, 0, 0, 0, 0, 0, 0]"
98MoyGZKHXc,2513,,0,"[0, 0, 0, 0, 0, 0, 0, 0, 0]"
xwqBXPGE9pQ,6899,,0,"[0, 0, 0, 0, 0, 0, 0, 0, 0]"
XzYM3PfTM4w,2484,,0,"[0, 0, 0, 0, 0, 0, 0, 0, 0]"
i3wAGJaaktw,2935,,0,"[0, 0, 0, 0, 0, 0, 0, 0, 0]"
Bhxk-O1Y7Ho,6084,3eYKfiOEJNs,2952,"[0, 0, 0, 0, 0, 0, 1, 0, 0]"
xxdtq8mxegs,747,,0,"[0, 0, 0, 0, 0, 0, 0, 0, 0]"
Yi4Ij2NM7U4,2660,,0,"[0, 0, 0, 0, 0, 0, 0, 0, 0]"
JKpqYvAdIsw,1434,Se3oxnaPsz0,1051,"[0, 0, 0, 0, 0, 0, 0, 0, 1]"
RBCABdttQmI,1592,,0,"[0, 0, 0, 0, 0, 0, 0, 0, 0]"
gzDbaEs1Rlg,5338,PJrm840pAUI,1962,"[0, 0, 0, 0, 0, 0, 0, 1, 0]"
vdmoEJ5YbrQ,8404,akI8YFjEmUw,1840,"[0, 0, 0, 0, 0, 1, 0, 0, 0]"
xmEERLqJ2kU,11113,,0,"[0, 0, 0, 0, 0, 0, 0, 0, 0]"
RBCABdttQmI,9919,Se3oxnaPsz0,2853,"[0, 0, 0, 0, 0, 1, 0, 0, 0]"
HT5vyqe0Xaw,7908,,0,"[0, 0, 0, 0, 0, 0, 0, 0, 0]"
fWutDQy1nnY,2870,WxtbjNsCQ8A,991,"[0, 0, 0, 0, 0, 0, 0, 0, 1]"
GsAD1KT1xo8,2891,,0,"[0, 0, 0, 0, 0, 0, 0, 0, 0]"
vdmoEJ5YbrQ,165,,0,"[0, 0, 0, 0, 0, 0, 0, 0, 0]"
E11zDS9XGzg,3556,,0,"[0, 0, 0, 0, 0, 0, 0, 0, 0]"
jcoYJXDG9sw,3816,eQu1rNs0an0,4093,"[0, 0, 0, 1, 0, 0, 0, 0, 0]"
XkqCExn6_Us,3281,Se3oxnaPsz0,4,"[0, 0, 1, 0, 0, 0, 0, 0, 0]"
WG0MBPpPC6I,3912,,0,"[0, 0, 0, 0, 0, 0, 0, 0, 0]"
PJrm840pAUI,4658,,0,"[0, 0, 0, 0, 0, 0, 0, 0, 0]"
gzDbaEs1Rlg,1844,,0,"[0, 0, 0, 0, 0, 0, 0, 0, 0]"
xwqBXPGE9pQ,3514,iVt07TCkFM0,834,"[0, 1, 0, 0, 0, 0, 0, 0, 0]"
vdmoEJ5YbrQ,1884,,0,"[0, 0, 0, 0, 0, 0, 0, 0, 0]"
b626MiF1ew4,3104,XkqCExn6_Us,539,"[0, 1, 0, 0, 0, 0, 0, 0, 0]"
xxdtq8mxegs,1564,XkqCExn6_Us,3699,"[0, 0, 0, 0, 0, 0, 1, 0, 0]"
xwqBXPGE9pQ,3807,kLxoNp-UchI,2073,"[0, 0, 0, 1, 0, 0, 0, 0, 0]"
xwqBXPGE9pQ,4276,b626MiF1ew4,4899,"[0, 0, 0, 0, 0, 0, 0, 1, 0]"
0tmA_C6XwfM,9,,0,"[0, 0, 0, 0, 0, 0, 0, 0, 0]"
Se3oxnaPsz0,1622,,0,"[0, 0, 0, 0, 0, 0, 0, 0, 0]"
VuWGsYPqAX8,4477,,0,"[0, 0, 0, 0, 0, 0, 0, 0, 0]"
RBCABdttQmI,2161,vdmoEJ5YbrQ,452,"[0, 0, 0, 0, 0, 1, 0, 0, 0]"
-esJrBWj2d8,1055,,0,"[0, 0, 0, 0, 0, 0, 0, 0, 0]"
J0nA4VgnoCo,12063,b626MiF1ew4,2960,"[0, 0, 0, 0, 0, 0, 0, 1, 0]"
XzYM3PfTM4w,3065,Yi4Ij2NM7U4,2944,"[0, 0, 0, 0, 0, 0, 0, 1, 0]"
AwmHb44_ouw,3926,91IHQYk1IQM,1168,"[0, 0, 0, 0, 1, 0, 0, 0, 0]"
XkqCExn6_Us,3964,LRw_obCPUt0,336,"[0, 0, 1, 0, 0, 0, 0, 0, 0]"
jcoYJXDG9sw,4184,iVt07TCkFM0,682,"[0, 0, 0, 0, 0, 0, 1, 0, 0]"
PJrm840pAUI,1850,HT5vyqe0Xaw,6014,"[0, 0, 0, 1, 0, 0, 0, 0, 0]"
oDXZc0tZe04,9326,,0,"[0, 0, 0, 0, 0, 0, 0, 0, 0]"
uGu_10sucQo,119,,0,"[0, 0, 0, 0, 0, 0, 0, 0, 0]"
b626MiF1ew4,4114,WG0MBPpPC6I,7040,"[0, 1, 0, 0, 0, 0, 0, 0, 0]"
JKpqYvAdIsw,1858,,0,"[0, 0, 0, 0, 0, 0, 0, 0, 0]"
98MoyGZKHXc,4300,,0,"[0, 0, 0, 0, 0, 0, 0, 0, 0]"
xmEERLqJ2kU,6843,,0,"[0, 0, 0, 0, 0, 0, 0, 0, 0]"
xwqBXPGE9pQ,3474,akI8YFjEmUw,2951,"[0, 0, 0, 1, 0, 0, 0, 0, 0]"
EYqVtI9YWJA,2978,,0,"[0, 0, 0, 0, 0, 0, 0, 0, 0]"
NyBmCxDoHJU,2955,,0,"[0, 0, 0, 0, 0, 0, 0, 0, 0]"
fWutDQy1nnY,12888,,0,"[0, 0, 0, 0, 0, 0, 0, 0, 0]"
gzDbaEs1Rlg,6019,xxdtq8mxegs,1065,"[0, 0, 0, 0, 1, 0, 0, 0, 0]"
uGu_10sucQo,1178,LRw_obCPUt0,317,"[0, 0, 0, 0, 1, 0, 0, 0, 0]"
37rzWOQsNIw,4340,,0,"[0, 0, 0, 0, 0, 0, 0, 0, 0]"
kLxoNp-UchI,2861,,0,"[0, 0, 0, 0, 0, 0, 0, 0, 0]"
byxOvuiIJV0,694,akI8YFjEmUw,2612,"[0, 0, 0, 0, 0, 0, 1, 0, 0]"
sTEELN-vY30,3125,,0,"[0, 0, 0, 0, 0, 0, 0, 0, 0]"
xmEERLqJ2kU,13102,,0,"[0, 0, 0, 0, 0, 0, 0, 0, 0]"
oDXZc0tZe04,4533,sTEELN-vY30,1344,"[0, 0, 0, 0, 0, 1, 0, 0, 0]"
Bhxk-O1Y7Ho,9712,,0,"[0, 0, 0, 0, 0, 0, 0, 0, 0]"
LRw_obCPUt0,4815,Hl-__g2gn_A,4350,"[0, 0, 0, 0, 1, 0, 0, 0, 0]"
iVt07TCkFM0,404,kLxoNp-UchI,586,"[0, 0, 0, 0, 0, 1, 0, 0, 0]"
fWutDQy1nnY,2026,,0,"[0, 0, 0, 0, 0, 0, 0, 0, 0]"
akI8YFjEmUw,2887,kLxoNp-UchI,978,"[0, 0, 0, 1, 0, 0, 0, 0, 0]"
i3wAGJaaktw,768,eQu1rNs0an0,698,"[0, 0, 1, 0, 0, 0, 0, 0, 0]"
xxdtq8mxegs,2010,,0,"[0, 0, 0, 0, 0, 0, 0, 0, 0]"
HT5vyqe0Xaw,3463,,0,"[0, 0, 0, 0, 0, 0, 0, 0, 0]"
HT5vyqe0Xaw,2122,qqR6AEXwxoQ,2047,"[0, 0, 0, 0, 0, 0, 1, 0, 0]"
JKpqYvAdIsw,1726,HT5vyqe0Xaw,2499,"[0, 0, 0, 0, 0, 1, 0, 0, 0]"
Yi4Ij2NM7U4,816,,0,"[0, 0, 0, 0, 0, 0, 0, 0, 0]"
Yi4Ij2NM7U4,7482,3eYKfiOEJNs,1412,"[0, 0, 0, 1, 0, 0, 0, 0, 0]"
AwmHb44_ouw,4032,NyBmCxDoHJU,332,"[0, 1, 0, 0, 0, 0, 0, 0, 0]"
xxdtq8mxegs,3004,,0,"[0, 0, 0, 0, 0, 0, 0, 0, 0]"
Hl-__g2gn_A,717,,0,"[0, 0, 0, 0, 0, 0, 0, 0, 0]"
3eYKfiOEJNs,400,,0,"[0, 0, 0, 0, 0, 0, 0, 0, 0]"
sTEELN-vY30,260,byxOvuiIJV0,1652,"[0, 0, 0, 0, 1, 0, 0, 0, 0]"
byxOvuiIJV0,3466,,0,"[0, 0, 0, 0, 0, 0, 0, 0, 0]"
sTEELN-vY30,2599,,0,"[0, 0, 0, 0, 0, 0, 0, 0, 0]"
LRw_obCPUt0,1494,jcoYJXDG9sw,180,"[0, 0, 0, 0, 0, 1, 0, 0, 0]"
kLxoNp-UchI,3446,,0,"[0, 0, 0, 0, 0, 0, 0, 0, 0]"
J0nA4VgnoCo,3402,,0,"[0, 0, 0, 0, 0, 0, 0, 0, 0]"
jcoYJXDG9sw,1225,,0,"[0, 0, 0, 0, 0, 0, 0, 0, 0]"
NyBmCxDoHJU,1449,,0,"[0, 0, 0, 0, 0, 0, 0, 0, 0]"
kLxoNp-UchI,483,,0,"[0, 0, 0, 0, 0, 0, 0, 0, 0]"
qqR6AEXwxoQ,3552,jcoYJXDG9sw,2276,"[0, 0, 0, 0, 0, 0, 1, 0, 0]"
_xMr-HKMfVA,2891,,0,"[0, 0, 0, 0, 0, 0, 0, 0, 0]"
i3wAGJaaktw,981,,0,"[0, 0, 0, 0, 0, 0, 0, 0, 0]"
91IHQYk1IQM,730,,0,"[0, 0, 0, 0, 0, 0, 0, 0, 0]"
oDXZc0tZe04,7498,,0,"[0, 0, 0, 0, 0, 0, 0, 0, 0]"
oDXZc0tZe04,5898,,0,"[0, 0, 0, 0, 0, 0, 0, 0, 0]"
kLxoNp-UchI,2336,EE-bNr36nyA,189,"[0, 0, 0, 0, 0, 0, 0, 1, 0]"
GsAD1KT1xo8,620,,0,"[0, 0, 0, 0, 0, 0, 0, 0, 0]"
4wU_LUjG5Ic,2330,,0,"[0, 0, 0, 0, 0, 0, 0, 0, 0]"
iVt07TCkFM0,55,PJrm840pAUI,3475,"[0, 1, 0, 0, 0, 0, 0, 0, 0]"
qqR6AEXwxoQ,3103,,0,"[0, 0, 0, 0, 0, 0, 0, 0, 0]"
kLxoNp-UchI,3807,,0,"[0, 0, 0, 0, 0, 0, 0, 0, 0]"
XzYM3PfTM4w,2831,,0,"[0, 0, 0, 0, 0, 0, 0, 0, 0]"
Bhxk-O1Y7Ho,803,fWutDQy1nnY,10176,"[0, 0, 0, 1, 0, 0, 0, 0, 0]"
eQu1rNs0an0,1289,iVt07TCkFM0,142,"[0, 0, 0, 0, 0, 0, 1, 0, 0]"
LRw_obCPUt0,2024,,0,"[0, 0, 0, 0, 0, 0, 0, 0, 0]"
kLxoNp-UchI,2745,,0,"[0, 0, 0, 0, 0, 0, 0, 0, 0]"
oDXZc0tZe04,1228,,0,"[0, 0, 0, 0, 0, 0, 0, 0, 0]"
qqR6AEXwxoQ,5960,xwqBXPGE9pQ,2312,"[0, 1, 0, 0, 0, 0, 0, 0, 0]"
37rzWOQsNIw,243,,0,"[0, 0, 0, 0, 0, 0, 0, 0, 0]"
98MoyGZKHXc,3912,,0,"[0, 0, 0, 0, 0, 0, 0, 0, 0]"
RBCABdttQmI,6803,EE-bNr36nyA,1303,"[0, 0, 1, 0, 0, 0, 0, 0, 0]"
oDXZc0tZe04,853,,0,"[0, 0, 0, 0, 0, 0, 0, 0, 0]"
91IHQYk1IQM,2313,RBCABdttQmI,9791,"[0, 0, 0, 0, 0, 0, 0, 1, 0]"
JKpqYvAdIsw,3054,b626MiF1ew4,3878,"[0, 0, 0, 0, 1, 0, 0, 0, 0]"
Se3oxnaPsz0,121,,0,"[0, 0, 0, 0, 0, 0, 0, 0, 0]"
WxtbjNsCQ8A,604,HT5vyqe0Xaw,8558,"[0, 0, 0, 1, 0, 0, 0, 0, 0]"
i3wAGJaaktw,908,,0,"[0, 0, 0, 0, 0, 0, 0, 0, 0]"
GsAD1KT1xo8,2772,91IHQYk1IQM,2738,"[0, 0, 0, 0, 0, 1, 0, 0, 0]"
37rzWOQsNIw,1898,RBCABdttQmI,10046,"[0, 0, 0, 0, 0, 0, 0, 1, 0]"
RBCABdttQmI,2114,-esJrBWj2d8,4130,"[0, 0, 0, 0, 1, 0, 0, 0, 0]"
Hl-__g2gn_A,5150,,0,"[0, 0, 0, 0, 0, 0, 0, 0, 0]"
xmEERLqJ2kU,3861,EYqVtI9YWJA,5099,"[0, 0, 0, 1, 0, 0, 0, 0, 0]"
PJrm840pAUI,5763,,0,"[0, 0, 0, 0, 0, 0, 0, 0, 0]"
J0nA4VgnoCo,3403,,0,"[0, 0, 0, 0, 0, 0, 0, 0, 0]"
XzYM3PfTM4w,304,WG0MBPpPC6I,3450,"[0, 0, 0, 0, 0, 0, 0, 0, 1]"
AwmHb44_ouw,3388,XkqCExn6_Us,3796,"[0, 0, 0, 0, 0, 0, 0, 0, 1]"
XzYM3PfTM4w,2704,Hl-__g2gn_A,3554,"[0, 0, 0, 0, 0, 0, 0, 1, 0]"
qqR6AEXwxoQ,1977,,0,"[0, 0, 0, 0, 0, 0, 0, 0, 0]"
cjibtmSLxQ4,7007,vdmoEJ5YbrQ,6324,"[0, 0, 0, 0, 1, 0, 0, 0, 0]"
vdmoEJ5YbrQ,9708,,0,"[0, 0, 0, 0, 0, 0, 0, 0, 0]"
jcoYJXDG9sw,504,,0,"[0, 0, 0, 0, 0, 0, 0, 0, 0]"
i3wAGJaaktw,4240,,0,"[0, 0, 0, 0, 0, 0, 0, 0, 0]"
i3wAGJaaktw,2935,,0,"[0, 0, 0, 0, 0, 0, 0, 0, 0]"
xmEERLqJ2kU,6343,,0,"[0, 0, 0, 0, 0, 0, 0, 0, 0]"
Hl-__g2gn_A,3505,eQu1rNs0an0,2518,"[0, 0, 0, 0, 1, 0, 0, 0, 0]"
fWutDQy1nnY,11565,,0,"[0, 0, 0, 0, 0, 0, 0, 0, 0]"
Bhxk-O1Y7Ho,6848,,0,"[0, 0, 0, 0, 0, 0, 0, 0, 0]"
WxtbjNsCQ8A,3728,LRw_obCPUt0,5542,"[0, 0, 0, 0, 0, 0, 0, 1, 0]"
LRw_obCPUt0,2982,eQu1rNs0an0,688,"[0, 1, 0, 0, 0, 0, 0, 0, 0]"
WG0MBPpPC6I,1595,,0,"[0, 0, 0, 0, 0, 0, 0, 0, 0]"
WG0MBPpPC6I,4098,Yi4Ij2NM7U4,7106,"[0, 0, 0, 0, 1, 0, 0, 0, 0]"
NyBmCxDoHJU,2708,4wU_LUjG5Ic,2060,"[0, 1, 0, 0, 0, 0, 0, 0, 0]"
akI8YFjEmUw,300,,0,"[0, 0, 0, 0, 0, 0, 0, 0, 0]"
EYqVtI9YWJA,2439,WxtbjNsCQ8A,6757,"[0, 0, 1, 0, 0, 0, 0, 0, 0]"
xxdtq8mxegs,2978,,0,"[0, 0, 0, 0, 0, 0, 0, 0, 0]"
98MoyGZKHXc,2428,xwqBXPGE9pQ,5898,"[0, 0, 0, 0, 0, 0, 0, 0, 1]"
98MoyGZKHXc,3260,,0,"[0, 0, 0, 0, 0, 0, 0, 0, 0]"
PJrm840pAUI,2488,NyBmCxDoHJU,4001,"[0, 0, 0, 1, 0, 0, 0, 0, 0]"
AwmHb44_ouw,7935,,0,"[0, 0, 0, 0, 0, 0, 0, 0, 0]"
37rzWOQsNIw,2069,,0,"[0, 0, 0, 0, 0, 0, 0, 0, 0]"
37rzWOQsNIw,4011,Yi4Ij2NM7U4,3235,"[0, 0, 0, 0, 0, 0, 0, 1, 0]"
98MoyGZKHXc,4073,,0,"[0, 0, 0, 0, 0, 0, 0, 0, 0]"
AwmHb44_ouw,8568,LRw_obCPUt0,2507,"[0, 0, 1, 0, 0, 0, 0, 0, 0]"
98MoyGZKHXc,2052,4wU_LUjG5Ic,106,"[0, 0, 0, 0, 0, 0, 1, 0, 0]"
XkqCExn6_Us,3362,,0,"[0, 0, 0, 0, 0, 0, 0, 0, 0]"
VuWGsYPqAX8,1633,,0,"[0, 0, 0, 0, 0, 0, 0, 0, 0]"
xmEERLqJ2kU,9290,HT5vyqe0Xaw,3685,"[0, 0, 0, 1, 0, 0, 0, 0, 0]"
WxtbjNsCQ8A,1847,,0,"[0, 0, 0, 0, 0, 0, 0, 0, 0]"
J0nA4VgnoCo,5457,oDXZc0tZe04,11048,"[0, 0, 1, 0, 0, 0, 0, 0, 0]"
VuWGsYPqAX8,1563,,0,"[0, 0, 0, 0, 0, 0, 0, 0, 0]"
sTEELN-vY30,2351,,0,"[0, 0, 0, 0, 0, 0, 0, 0, 0]"
_xMr-HKMfVA,3004,iVt07TCkFM0,1780,"[0, 0, 1, 0, 0, 0, 0, 0, 0]"
jcoYJXDG9sw,4649,,0,"[0, 0, 0, 0, 0, 0, 0, 0, 0]"
Yi4Ij2NM7U4,6642,RBCABdttQmI,6089,"[0, 0, 1, 0, 0, 0, 0, 0, 0]"
EYqVtI9YWJA,2261,PJrm840pAUI,2274,"[0, 0, 0, 0, 1, 0, 0, 0, 0]"
EE-bNr36nyA,556,,0,"[0, 0, 0, 0, 0, 0, 0, 0, 0]"
0tmA_C6XwfM,2592,,0,"[0, 0, 0, 0, 0, 0, 0, 0, 0]"
Hl-__g2gn_A,3994,Yi4Ij2NM7U4,5508,"[0, 0, 0, 0, 1, 0, 0, 0, 0]"
xmEERLqJ2kU,10613,,0,"[0, 0, 0, 0, 0, 0, 0, 0, 0]"
_xMr-HKMfVA,869,qqR6AEXwxoQ,4375,"[0, 0, 0, 0, 0, 0, 0, 0, 1]"
XkqCExn6_Us,153,,0,"[0, 0, 0, 0, 0, 0, 0, 0, 0]"
vdmoEJ5YbrQ,586,,0,"[0, 0, 0, 0, 0, 0, 0, 0, 0]"
Se3oxnaPsz0,813,HT5vyqe0Xaw,7426,"[0, 0, 0, 0, 0, 0, 0, 1, 0]"
sTEELN-vY30,178,,0,"[0, 0, 0, 0, 0, 0, 0, 0, 0]"
i3wAGJaaktw,3100,VuWGsYPqAX8,1595,"[0, 0, 0, 0, 0, 1, 0, 0, 0]"
Yi4Ij2NM7U4,5974,VuWGsYPqAX8,1807,"[0, 0, 0, 0, 1, 0, 0, 0, 0]"
XzYM3PfTM4w,231,akI8YFjEmUw,1235,"[0, 0, 0, 1, 0, 0, 0, 0, 0]"
GsAD1KT1xo8,3878,,0,"[0, 0, 0, 0, 0, 0, 0, 0, 0]"
GsAD1KT1xo8,554,,0,"[0, 0, 0, 0, 0, 0, 0, 0, 0]"
kLxoNp-UchI,1094,xwqBXPGE9pQ,3490,"[0, 0, 1, 0, 0, 0, 0, 0, 0]"
Bhxk-O1Y7Ho,11387,WxtbjNsCQ8A,7351,"[0, 1, 0, 0, 0, 0, 0, 0, 0]"
98MoyGZKHXc,4595,AwmHb44_ouw,134,"[0, 0, 0, 0, 0, 0, 0, 1, 0]"
qqR6AEXwxoQ,2364,-esJrBWj2d8,6359,"[0, 0, 0, 0, 0, 0, 0, 0, 1]"
qqR6AEXwxoQ,3565,qqR6AEXwxoQ,2228,"[0, 0, 0, 0, 0, 0, 0, 1, 0]"
xxdtq8mxegs,3187,xwqBXPGE9pQ,3123,"[0, 0, 0, 1, 0, 0, 0, 0, 0]"
WG0MBPpPC6I,4335,,0,"[0, 0, 0, 0, 0, 0, 0, 0, 0]"
EYqVtI9YWJA,3108,,0,"[0, 0, 0, 0, 0, 0, 0, 0, 0]"
4wU_LUjG5Ic,1353,91IHQYk1IQM,0,"[0, 0, 0, 0, 0, 0, 0, 1, 0]"
gzDbaEs1Rlg,228,GsAD1KT1xo8,1007,"[0, 0, 1, 0, 0, 0, 0, 0, 0]"
Bhxk-O1Y7Ho,628,RBCABdttQmI,7884,"[0, 0, 1, 0, 0, 0, 0, 0, 0]"
NyBmCxDoHJU,1949,,0,"[0, 0, 0, 0, 0, 0, 0, 0, 0]"
Se3oxnaPsz0,3522,,0,"[0, 0, 0, 0, 0, 0, 0, 0, 0]"
PJrm840pAUI,4943,,0,"[0, 0, 0, 0, 0, 0, 0, 0, 0]"
E11zDS9XGzg,6280,,0,"[0, 0, 0, 0, 0, 0, 0, 0, 0]"
cjibtmSLxQ4,985,WxtbjNsCQ8A,5661,"[0, 0, 0, 0, 1, 0, 0, 0, 0]"
Yi4Ij2NM7U4,9032,vdmoEJ5YbrQ,2510,"[0, 1, 0, 0, 0, 0, 0, 0, 0]"
z_6gVvQb2d0,6795,,0,"[0, 0, 0, 0, 0, 0, 0, 0, 0]"
eQu1rNs0an0,2838,,0,"[0, 0, 0, 0, 0, 0, 0, 0, 0]"
RBCABdttQmI,8746,PJrm840pAUI,6222,"[0, 0, 0, 1, 0, 0, 0, 0, 0]"
_xMr-HKMfVA,2996,,0,"[0, 0, 0, 0, 0, 0, 0, 0, 0]"
fWutDQy1nnY,4532,,0,"[0, 0, 0, 0, 0, 0, 0, 0, 0]"
37rzWOQsNIw,4215,,0,"[0, 0, 0, 0, 0, 0, 0, 0, 0]"
HT5vyqe0Xaw,2564,HT5vyqe0Xaw,3773,"[0, 0, 0, 0, 0, 0, 1, 0, 0]"
i3wAGJaaktw,254,akI8YFjEmUw,2919,"[0, 0, 0, 1, 0, 0, 0, 0, 0]"
akI8YFjEmUw,1005,JgHubY5Vw3Y,2547,"[0, 0, 0, 0, 0, 1, 0, 0, 0]"
4wU_LUjG5Ic,2747,,0,"[0, 0, 0, 0, 0, 0, 0, 0, 0]"
J0nA4VgnoCo,3865,,0,"[0, 0, 0, 0, 0, 0, 0, 0, 0]"
i3wAGJaaktw,3287,,0,"[0, 0, 0, 0, 0, 0, 0, 0, 0]"
EYqVtI9YWJA,1909,EE-bNr36nyA,1722,"[0, 0, 0, 0, 0, 0, 0, 0, 1]"
GsAD1KT1xo8,1757,,0,"[0, 0, 0, 0, 0, 0, 0, 0, 0]"
EYqVtI9YWJA,1772,JKpqYvAdIsw,2786,"[0, 0, 0, 0, 1, 0, 0, 0, 0]"
3eYKfiOEJNs,3786,98MoyGZKHXc,1948,"[0, 0, 0, 0, 0, 0, 0, 0, 1]"
uGu_10sucQo,2318,eQu1rNs0an0,4307,"[0, 1, 0, 0, 0, 0, 0, 0, 0]"
E11zDS9XGzg,8738,,0,"[0, 0, 0, 0, 0, 0, 0, 0, 0]"
iVt07TCkFM0,480,GsAD1KT1xo8,1917,"[0, 0, 0, 0, 0, 0, 1, 0, 0]"
J0nA4VgnoCo,5718,_xMr-HKMfVA,1881,"[0, 0, 0, 0, 0, 0, 0, 1, 0]"
eQu1rNs0an0,4393,,0,"[0, 0, 0, 0, 0, 0, 0, 0, 0]"
Bhxk-O1Y7Ho,2304,qqR6AEXwxoQ,7379,"[0, 0, 0, 0, 1, 0, 0, 0, 0]"
J0nA4VgnoCo,8299,-esJrBWj2d8,3572,"[0, 0, 0, 1, 0, 0, 0, 0, 0]"
JKpqYvAdIsw,2444,91IHQYk1IQM,1356,"[0, 1, 0, 0, 0, 0, 0, 0, 0]"
4wU_LUjG5Ic,2416,JKpqYvAdIsw,2573,"[0, 0, 0, 0, 1, 0, 0, 0, 0]"
Se3oxnaPsz0,965,,0,"[0, 0, 0, 0, 0, 0, 0, 0, 0]"
Yi4Ij2NM7U4,3435,b626MiF1ew4,1198,"[0, 0, 0, 1, 0, 0, 0, 0, 0]"
byxOvuiIJV0,1384,WG0MBPpPC6I,3862,"[0, 0, 0, 1, 0, 0, 0, 0, 0]"
byxOvuiIJV0,2602,,0,"[0, 0, 0, 0, 0, 0, 0, 0, 0]"
fWutDQy1nnY,4074,gzDbaEs1Rlg,1566,"[0, 0, 0, 0, 0, 1, 0, 0, 0]"
Hl-__g2gn_A,2293,,0,"[0, 0, 0, 0, 0, 0, 0, 0, 0]"
cjibtmSLxQ4,17958,,0,"[0, 0, 0, 0, 0, 0, 0, 0, 0]"
37rzWOQsNIw,5506,oDXZc0tZe04,3164,"[0, 0, 0, 0, 0, 1, 0, 0, 0]"
NyBmCxDoHJU,3021,fWutDQy1nnY,14881,"[0, 0, 1, 0, 0, 0, 0, 0, 0]"
akI8YFjEmUw,3113,byxOvuiIJV0,128,"[0, 0, 0, 0, 0, 0, 0, 0, 1]"
WG0MBPpPC6I,6865,byxOvuiIJV0,231,"[0, 0, 0, 0, 1, 0, 0, 0, 0]"
kLxoNp-UchI,2502,,0,"[0, 0, 0, 0, 0, 0, 0, 0, 0]"
J0nA4VgnoCo,9342,,0,"[0, 0, 0, 0, 0, 0, 0, 0, 0]"
Hl-__g2gn_A,642,,0,"[0, 0, 0, 0, 0, 0, 0, 0, 0]"
37rzWOQsNIw,5478,,0,"[0, 0, 0, 0, 0, 0, 0, 0, 0]"
jcoYJXDG9sw,3848,0tmA_C6XwfM,2895,"[0, 0, 0, 0, 0, 1, 0, 0, 0]"
gzDbaEs1Rlg,2206,,0,"[0, 0, 0, 0, 0, 0, 0, 0, 0]"
_xMr-HKMfVA,732,JgHubY5Vw3Y,930,"[0, 0, 0, 0, 0, 1, 0, 0, 0]"
EYqVtI9YWJA,1161,XzYM3PfTM4w,2772,"[0, 0, 0, 0, 0, 1, 0, 0, 0]"
qqR6AEXwxoQ,3832,fWutDQy1nnY,1969,"[0, 0, 0, 0, 0, 0, 1, 0, 0]"
NyBmCxDoHJU,3662,,0,"[0, 0, 0, 0, 0, 0, 0, 0, 0]"
Se3oxnaPsz0,2414,,0,"[0, 0, 0, 0, 0, 0, 0, 0, 0]"
PJrm840pAUI,5077,,0,"[0, 0, 0, 0, 0, 0, 0, 0, 0]"
3eYKfiOEJNs,1142,cjibtmSLxQ4,19332,"[0, 0, 1, 0, 0, 0, 0, 0, 0]"
Bhxk-O1Y7Ho,4052,,0,"[0, 0, 0, 0, 0, 0, 0, 0, 0]"
4wU_LUjG5Ic,1945,jcoYJXDG9sw,2896,"[0, 0, 1, 0, 0, 0, 0, 0, 0]"
LRw_obCPUt0,3276,,0,"[0, 0, 0, 0, 0, 0, 0, 0, 0]"
byxOvuiIJV0,1069,gzDbaEs1Rlg,223,"[0, 0, 0, 0, 0, 0, 1, 0, 0]"
kLxoNp-UchI,3262,PJrm840pAUI,62,"[0, 0, 0, 0, 1, 0, 0, 0, 0]"
98MoyGZKHXc,4414,,0,"[0, 0, 0, 0, 0, 0, 0, 0, 0]"
E11zDS9XGzg,6144,xwqBXPGE9pQ,1371,"[0, 1, 0, 0, 0, 0, 0, 0, 0]"
RBCABdttQmI,8492,LRw_obCPUt0,1760,"[0, 0, 1, 0, 0, 0, 0, 0, 0]"
xxdtq8mxegs,3348,,0,"[0, 0, 0, 0, 0, 0, 0, 0, 0]"
0tmA_C6XwfM,2203,,0,"[0, 0, 0, 0, 0, 0, 0, 0, 0]"
-esJrBWj2d8,1359,_xMr-HKMfVA,928,"[0, 0, 0, 0, 0, 0, 0, 1, 0]"
xwqBXPGE9pQ,3154,XzYM3PfTM4w,240,"[0, 0, 1, 0, 0, 0, 0, 0, 0]"
eQu1rNs0an0,3928,AwmHb44_ouw,5345,"[0, 0, 0, 1, 0, 0, 0, 0, 0]"
_xMr-HKMfVA,2783,jcoYJXDG9sw,4132,"[0, 0, 0, 0, 0, 0, 1, 0, 0]"
NyBmCxDoHJU,3538,,0,"[0, 0, 0, 0, 0, 0, 0, 0, 0]"
_xMr-HKMfVA,3867,WG0MBPpPC6I,8531,"[0, 0, 1, 0, 0, 0, 0, 0, 0]"
WxtbjNsCQ8A,7253,,0,"[0, 0, 0, 0, 0, 0, 0, 0, 0]"
oDXZc0tZe04,4233,,0,"[0, 0, 0, 0, 0, 0, 0, 0, 0]"
vdmoEJ5YbrQ,5587,,0,"[0, 0, 0, 0, 0, 0, 0, 0, 0]"
WxtbjNsCQ8A,190,J0nA4VgnoCo,1960,"[0, 0, 0, 0, 1, 0, 0, 0, 0]"
J0nA4VgnoCo,8494,,0,"[0, 0, 0, 0, 0, 0, 0, 0, 0]"
37rzWOQsNIw,3121,xwqBXPGE9pQ,2677,"[0, 0, 1, 0, 0, 0, 0, 0, 0]"
91IHQYk1IQM,1206,oDXZc0tZe04,7190,"[0, 0, 0, 0, 0, 0, 1, 0, 0]"
_xMr-HKMfVA,802,,0,"[0, 0, 0, 0, 0, 0, 0, 0, 0]"
akI8YFjEmUw,80,Se3oxnaPsz0,4086,"[0, 0, 0, 1, 0, 0, 0, 0, 0]"
_xMr-HKMfVA,3515,,0,"[0, 0, 0, 0, 0, 0, 0, 0, 0]"
NyBmCxDoHJU,1604,akI8YFjEmUw,3229,"[0, 0, 1, 0, 0, 0, 0, 0, 0]"
JgHubY5Vw3Y,4204,,0,"[0, 0, 0, 0, 0, 0, 0, 0, 0]"
z_6gVvQb2d0,234,4wU_LUjG5Ic,791,"[0, 0, 0, 0, 0, 0, 0, 0, 1]"
0tmA_C6XwfM,1589,xmEERLqJ2kU,9630,"[0, 0, 0, 0, 0, 0, 1, 0, 0]"
AwmHb44_ouw,8546,,0,"[0, 0, 0, 0, 0, 0, 0, 0, 0]"
RBCABdttQmI,7418,,0,"[0, 0, 0, 0, 0, 0, 0, 0, 0]"
XkqCExn6_Us,793,oDXZc0tZe04,8787,"[0, 0, 0, 1, 0, 0, 0, 0, 0]"
0tmA_C6XwfM,2148,WxtbjNsCQ8A,6070,"[0, 0, 0, 0, 0, 1, 0, 0, 0]"
xxdtq8mxegs,3284,,0,"[0, 0, 0, 0, 0, 0, 0, 0, 0]"
b626MiF1ew4,1772,_xMr-HKMfVA,2687,"[0, 0, 0, 0, 0, 0, 1, 0, 0]"
vdmoEJ5YbrQ,429,b626MiF1ew4,460,"[0, 0, 0, 0, 0, 0, 1, 0, 0]"
gzDbaEs1Rlg,6800,E11zDS9XGzg,5874,"[0, 0, 0, 0, 0, 0, 1, 0, 0]"
LRw_obCPUt0,2878,XkqCExn6_Us,4492,"[0, 1, 0, 0, 0, 0, 0, 0, 0]"
xmEERLqJ2kU,3994,,0,"[0, 0, 0, 0, 0, 0, 0, 0, 0]"
gzDbaEs1Rlg,239,EE-bNr36nyA,2652,"[0, 0, 0, 0, 0, 0, 0, 0, 1]"
4wU_LUjG5Ic,719,,0,"[0, 0, 0, 0, 0, 0, 0, 0, 0]"
akI8YFjEmUw,2932,,0,"[0, 0, 0, 0, 0, 0, 0, 0, 0]"
uGu_10sucQo,2025,JKpqYvAdIsw,1971,"[0, 0, 1, 0, 0, 0, 0, 0, 0]"
EE-bNr36nyA,2783,,0,"[0, 0, 0, 0, 0, 0, 0, 0, 0]"
jcoYJXDG9sw,4329,,0,"[0, 0, 0, 0, 0, 0, 0, 0, 0]"
XzYM3PfTM4w,798,Bhxk-O1Y7Ho,3797,"[0, 0, 0, 0, 0, 0, 0, 0, 1]"
37rzWOQsNIw,3463,gzDbaEs1Rlg,4406,"[0, 0, 1, 0, 0, 0, 0, 0, 0]"
XkqCExn6_Us,1780,NyBmCxDoHJU,718,"[0, 0, 0, 0, 0, 1, 0, 0, 0]"
JgHubY5Vw3Y,918,E11zDS9XGzg,1547,"[0, 0, 0, 0, 0, 0, 0, 1, 0]"
EYqVtI9YWJA,2296,gzDbaEs1Rlg,2297,"[0, 0, 1, 0, 0, 0, 0, 0, 0]"
98MoyGZKHXc,492,,0,"[0, 0, 0, 0, 0, 0, 0, 0, 0]"
akI8YFjEmUw,3656,WG0MBPpPC6I,6151,"[0, 0, 0, 0, 0, 0, 0, 1, 0]"
i3wAGJaaktw,127,-esJrBWj2d8,762,"[0, 0, 0, 1, 0, 0, 0, 0, 0]"
byxOvuiIJV0,3350,4wU_LUjG5Ic,1685,"[0, 0, 0, 1, 0, 0, 0, 0, 0]"
Yi4Ij2NM7U4,601,LRw_obCPUt0,3470,"[0, 0, 0, 0, 0, 1, 0, 0, 0]"
37rzWOQsNIw,668,,0,"[0, 0, 0, 0, 0, 0, 0, 0, 0]"
xwqBXPGE9pQ,1732,AwmHb44_ouw,384,"[0, 0, 0, 1, 0, 0, 0, 0, 0]"
98MoyGZKHXc,2227,,0,"[0, 0, 0, 0, 0, 0, 0, 0, 0]"
Hl-__g2gn_A,4258,i3wAGJaaktw,4064,"[0, 0, 1, 0, 0, 0, 0, 0, 0]"
_xMr-HKMfVA,639,,0,"[0, 0, 0, 0, 0, 0, 0, 0, 0]"
LRw_obCPUt0,4202,,0,"[0, 0, 0, 0, 0, 0, 0, 0, 0]"
JKpqYvAdIsw,1926,,0,"[0, 0, 0, 0, 0, 0, 0, 0, 0]"
AwmHb44_ouw,1775,gzDbaEs1Rlg,683,"[0, 0, 0, 0, 1, 0, 0, 0, 0]"
4wU_LUjG5Ic,2021,,0,"[0, 0, 0, 0, 0, 0, 0, 0, 0]"
-esJrBWj2d8,234,37rzWOQsNIw,4375,"[0, 1, 0, 0, 0, 0, 0, 0, 0]"
4wU_LUjG5Ic,2532,fWutDQy1nnY,11864,"[0, 0, 0, 0, 0, 0, 1, 0, 0]"
37rzWOQsNIw,3246,,0,"[0, 0, 0, 0, 0, 0, 0, 0, 0]"
3eYKfiOEJNs,4360,,0,"[0, 0, 0, 0, 0, 0, 0, 0, 0]"
Se3oxnaPsz0,908,iVt07TCkFM0,2039,"[0, 0, 0, 1, 0, 0, 0, 0, 0]"
iVt07TCkFM0,1642,NyBmCxDoHJU,582,"[0, 0, 0, 0, 0, 0, 1, 0, 0]"
NyBmCxDoHJU,2078,xwqBXPGE9pQ,6069,"[0, 0, 0, 0, 0, 0, 1, 0, 0]"
qqR6AEXwxoQ,5807,,0,"[0, 0, 0, 0, 0, 0, 0, 0, 0]"
NyBmCxDoHJU,2284,VuWGsYPqAX8,1676,"[0, 0, 0, 0, 1, 0, 0, 0, 0]"
37rzWOQsNIw,1835,akI8YFjEmUw,1495,"[0, 0, 1, 0, 0, 0, 0, 0, 0]"
gzDbaEs1Rlg,6321,,0,"[0, 0, 0, 0, 0, 0, 0, 0, 0]"
oDXZc0tZe04,6387,,0,"[0, 0, 0, 0, 0, 0, 0, 0, 0]"
HT5vyqe0Xaw,7306,,0,"[0, 0, 0, 0, 0, 0, 0, 0, 0]"
i3wAGJaaktw,3662,,0,"[0, 0, 0, 0, 0, 0, 0, 0, 0]"
b626MiF1ew4,3862,,0,"[0, 0, 0, 0, 0, 0, 0, 0, 0]"
i3wAGJaaktw,1040,,0,"[0, 0, 0, 0, 0, 0, 0, 0, 0]"
JgHubY5Vw3Y,619,,0,"[0, 0, 0, 0, 0, 0, 0, 0, 0]"
Bhxk-O1Y7Ho,6870,,0,"[0, 0, 0, 0, 0, 0, 0, 0, 0]"
3eYKfiOEJNs,4349,,0,"[0, 0, 0, 0, 0, 0, 0, 0, 0]"
i3wAGJaaktw,84,E11zDS9XGzg,4315,"[0, 1, 0, 0, 0, 0, 0, 0, 0]"
_xMr-HKMfVA,1782,,0,"[0, 0, 0, 0, 0, 0, 0, 0, 0]"
E11zDS9XGzg,756,akI8YFjEmUw,665,"[0, 0, 0, 0, 0, 0, 0, 1, 0]"
XzYM3PfTM4w,2344,PJrm840pAUI,4140,"[0, 1, 0, 0, 0, 0, 0, 0, 0]"
WG0MBPpPC6I,4969,0tmA_C6XwfM,1775,"[0, 1, 0, 0, 0, 0, 0, 0, 0]"
PJrm840pAUI,3412,,0,"[0, 0, 0, 0, 0, 0, 0, 0, 0]"
i3wAGJaaktw,1607,,0,"[0, 0, 0, 0, 0, 0, 0, 0, 0]"
oDXZc0tZe04,7463,,0,"[0, 0, 0, 0, 0, 0, 0, 0, 0]"
eQu1rNs0an0,1381,NyBmCxDoHJU,2913,"[0, 0, 0, 0, 0, 0, 0, 0, 1]"
E11zDS9XGzg,14758,91IHQYk1IQM,2002,"[0, 0, 0, 0, 0, 0, 0, 0, 1]"
xmEERLqJ2kU,2865,XzYM3PfTM4w,1407,"[0, 0, 0, 0, 0, 0, 1, 0, 0]"
3eYKfiOEJNs,1368,Hl-__g2gn_A,988,"[0, 0, 1, 0, 0, 0, 0, 0, 0]"
91IHQYk1IQM,1115,xxdtq8mxegs,389,"[0, 0, 0, 1, 0, 0, 0, 0, 0]"
i3wAGJaaktw,3029,XzYM3PfTM4w,3237,"[0, 0, 0, 0, 0, 1, 0, 0, 0]"
-esJrBWj2d8,2154,z_6gVvQb2d0,4154,"[0, 0, 1, 0, 0, 0, 0, 0, 0]"
byxOvuiIJV0,616,,0,"[0, 0, 0, 0, 0, 0, 0, 0, 0]"
oDXZc0tZe04,6033,,0,"[0, 0, 0, 0, 0, 0, 0, 0, 0]"
_xMr-HKMfVA,3052,,0,"[0, 0, 0, 0, 0, 0, 0, 0, 0]"
JKpqYvAdIsw,2415,byxOvuiIJV0,497,"[0, 1, 0, 0, 0, 0, 0, 0, 0]"
gzDbaEs1Rlg,386,,0,"[0, 0, 0, 0, 0, 0, 0, 0, 0]"
kLxoNp-UchI,1657,,0,"[0, 0, 0, 0, 0, 0, 0, 0, 0]"
oDXZc0tZe04,9109,iVt07TCkFM0,1727,"[0, 0, 0, 0, 0, 0, 1, 0, 0]"
sTEELN-vY30,4043,VuWGsYPqAX8,2221,"[0, 0, 0, 0, 0, 0, 0, 0, 1]"
PJrm840pAUI,947,,0,"[0, 0, 0, 0, 0, 0, 0, 0, 0]"
LRw_obCPUt0,5370,Yi4Ij2NM7U4,2627,"[0, 0, 0, 1, 0, 0, 0, 0, 0]"
GsAD1KT1xo8,2449,,0,"[0, 0, 0, 0, 0, 0, 0, 0, 0]"
0tmA_C6XwfM,1315,iVt07TCkFM0,1922,"[0, 0, 0, 0, 0, 0, 0, 0, 1]"
EYqVtI9YWJA,704,,0,"[0, 0, 0, 0, 0, 0, 0, 0, 0]"
iVt07TCkFM0,763,EYqVtI9YWJA,4088,"[0, 0, 0, 0, 0, 0, 0, 0, 1]"
VuWGsYPqAX8,1621,iVt07TCkFM0,743,"[0, 0, 0, 0, 1, 0, 0, 0, 0]"
VuWGsYPqAX8,1712,XkqCExn6_Us,4282,"[0, 0, 0, 0, 1, 0, 0, 0, 0]"
AwmHb44_ouw,8000,,0,"[0, 0, 0, 0, 0, 0, 0, 0, 0]"
xmEERLqJ2kU,2255,,0,"[0, 0, 0, 0, 0, 0, 0, 0, 0]"
oDXZc0tZe04,9941,,0,"[0, 0, 0, 0, 0, 0, 0, 0, 0]"
Bhxk-O1Y7Ho,11868,,0,"[0, 0, 0, 0, 0, 0, 0, 0, 0]"
kLxoNp-UchI,2084,,0,"[0, 0, 0, 0, 0, 0, 0, 0, 0]"
LRw_obCPUt0,4750,Yi4Ij2NM7U4,8250,"[0, 0, 0, 0, 0, 0, 1, 0, 0]"
NyBmCxDoHJU,4566,,0,"[0, 0, 0, 0, 0, 0, 0, 0, 0]"
qqR6AEXwxoQ,3784,,0,"[0, 0, 0, 0, 0, 0, 0, 0, 0]"
cjibtmSLxQ4,17413,,0,"[0, 0, 0, 0, 0, 0, 0, 0, 0]"
byxOvuiIJV0,2569,WxtbjNsCQ8A,2390,"[0, 0, 0, 0, 0, 0, 1, 0, 0]"
J0nA4VgnoCo,3648,,0,"[0, 0, 0, 0, 0, 0, 0, 0, 0]"
oDXZc0tZe04,4969,xwqBXPGE9pQ,5773,"[0, 0, 0, 1, 0, 0, 0, 0, 0]"
VuWGsYPqAX8,4531,,0,"[0, 0, 0, 0, 0, 0, 0, 0, 0]"
WxtbjNsCQ8A,5365,XkqCExn6_Us,1065,"[0, 0, 0, 0, 0, 0, 1, 0, 0]"
98MoyGZKHXc,4443,VuWGsYPqAX8,3782,"[0, 0, 0, 0, 1, 0, 0, 0, 0]"
RBCABdttQmI,8838,,0,"[0, 0, 0, 0, 0, 0, 0, 0, 0]"
xxdtq8mxegs,3528,gzDbaEs1Rlg,3122,"[0, 0, 0, 0, 0, 0, 1, 0, 0]"
91IHQYk1IQM,228,,0,"[0, 0, 0, 0, 0, 0, 0, 0, 0]"
VuWGsYPqAX8,3134,,0,"[0, 0, 0, 0, 0, 0, 0, 0, 0]"
cjibtmSLxQ4,4267,,0,"[0, 0, 0, 0, 0, 0, 0, 0, 0]"
Bhxk-O1Y7Ho,9506,,0,"[0, 0, 0, 0, 0, 0, 0, 0, 0]"
J0nA4VgnoCo,11818,,0,"[0, 0, 0, 0, 0, 0, 0, 0, 0]"
PJrm840pAUI,2076,eQu1rNs0an0,4849,"[0, 0, 0, 0, 0, 0, 0, 0, 1]"
AwmHb44_ouw,7837,JKpqYvAdIsw,3288,"[0, 0, 0, 1, 0, 0, 0, 0, 0]"
Se3oxnaPsz0,10,cjibtmSLxQ4,1411,"[0, 0, 0, 0, 0, 0, 0, 1, 0]"
E11zDS9XGzg,9129,kLxoNp-UchI,1228,"[0, 0, 0, 0, 0, 0, 0, 0, 1]"
jcoYJXDG9sw,5648,E11zDS9XGzg,12059,"[0, 0, 0, 0, 0, 0, 1, 0, 0]"
0tmA_C6XwfM,591,,0,"[0, 0, 0, 0, 0, 0, 0, 0, 0]"
EE-bNr36nyA,1101,,0,"[0, 0, 0, 0, 0, 0, 0, 0, 0]"
iVt07TCkFM0,628,-esJrBWj2d8,2391,"[0, 0, 0, 0, 0, 0, 1, 0, 0]"
EYqVtI9YWJA,3332,,0,"[0, 0, 0, 0, 0, 0, 0, 0, 0]"
VuWGsYPqAX8,4541,,0,"[0, 0, 0, 0, 0, 0, 0, 0, 0]"
98MoyGZKHXc,2143,,0,"[0, 0, 0, 0, 0, 0, 0, 0, 0]"
NyBmCxDoHJU,1573,,0,"[0, 0, 0, 0, 0, 0, 0, 0, 0]"
Se3oxnaPsz0,1307,,0,"[0, 0, 0, 0, 0, 0, 0, 0, 0]"
Hl-__g2gn_A,2641,,0,"[0, 0, 0, 0, 0, 0, 0, 0, 0]"
Hl-__g2gn_A,3023,,0,"[0, 0, 0, 0, 0, 0, 0, 0, 0]"
iVt07TCkFM0,427,LRw_obCPUt0,5417,"[0, 0, 1, 0, 0, 0, 0, 0, 0]"
akI8YFjEmUw,2877,xxdtq8mxegs,3709,"[0, 1, 0, 0, 0, 0, 0, 0, 0]"
xmEERLqJ2kU,822,sTEELN-vY30,2398,"[0, 0, 0, 0, 1, 0, 0, 0, 0]"
WxtbjNsCQ8A,2210,,0,"[0, 0, 0, 0, 0, 0, 0, 0, 0]"
cjibtmSLxQ4,11943,,0,"[0, 0, 0, 0, 0, 0, 0, 0, 0]"
EE-bNr36nyA,751,EYqVtI9YWJA,4358,"[0, 0, 0, 0, 0, 0, 0, 0, 1]"
37rzWOQsNIw,2775,,0,"[0, 0, 0, 0, 0, 0, 0, 0, 0]"
eQu1rNs0an0,3765,,0,"[0, 0, 0, 0, 0, 0, 0, 0, 0]"
Yi4Ij2NM7U4,4126,xxdtq8mxegs,533,"[0, 0, 0, 0, 0, 1, 0, 0, 0]"
WxtbjNsCQ8A,5433,WxtbjNsCQ8A,2444,"[0, 1, 0, 0, 0, 0, 0, 0, 0]"
jcoYJXDG9sw,1942,sTEELN-vY30,4211,"[0, 0, 0, 0, 0, 0, 1, 0, 0]"
AwmHb44_ouw,4357,,0,"[0, 0, 0, 0, 0, 0, 0, 0, 0]"
EYqVtI9YWJA,242,,0,"[0, 0, 0, 0, 0, 0, 0, 0, 0]"
z_6gVvQb2d0,33,xwqBXPGE9pQ,6692,"[0, 0, 0, 0, 0, 1, 0, 0, 0]"
fWutDQy1nnY,3521,Yi4Ij2NM7U4,1636,"[0, 0, 0, 0, 0, 1, 0, 0, 0]"
WxtbjNsCQ8A,4297,LRw_obCPUt0,2451,"[0, 0, 0, 0, 0, 0, 1, 0, 0]"
JKpqYvAdIsw,742,,0,"[0, 0, 0, 0, 0, 0, 0, 0, 0]"
b626MiF1ew4,1657,jcoYJXDG9sw,1664,"[0, 0, 1, 0, 0, 0, 0, 0, 0]"
RBCABdttQmI,143,,0,"[0, 0, 0, 0, 0, 0, 0, 0, 0]"
vdmoEJ5YbrQ,4605,,0,"[0, 0, 0, 0, 0, 0, 0, 0, 0]"
RBCABdttQmI,9870,,0,"[0, 0, 0, 0, 0, 0, 0, 0, 0]"
vdmoEJ5YbrQ,9065,0tmA_C6XwfM,1477,"[0, 0, 0, 0, 1, 0, 0, 0, 0]"
z_6gVvQb2d0,1935,gzDbaEs1Rlg,6309,"[0, 0, 1, 0, 0, 0, 0, 0, 0]"
xxdtq8mxegs,1546,,0,"[0, 0, 0, 0, 0, 0, 0, 0, 0]"
iVt07TCkFM0,924,,0,"[0, 0, 0, 0, 0, 0, 0, 0, 0]"
oDXZc0tZe04,10056,EYqVtI9YWJA,3900,"[0, 0, 0, 0, 0, 1, 0, 0, 0]"
xxdtq8mxegs,1947,,0,"[0, 0, 0, 0, 0, 0, 0, 0, 0]"
JgHubY5Vw3Y,20,,0,"[0, 0, 0, 0, 0, 0, 0, 0, 0]"
PJrm840pAUI,6196,,0,"[0, 0, 0, 0, 0, 0, 0, 0, 0]"
vdmoEJ5YbrQ,7080,3eYKfiOEJNs,3027,"[0, 0, 0, 1, 0, 0, 0, 0, 0]"
EE-bNr36nyA,758,,0,"[0, 0, 0, 0, 0, 0, 0, 0, 0]"
EYqVtI9YWJA,5227,,0,"[0, 0, 0, 0, 0, 0, 0, 0, 0]"
z_6gVvQb2d0,5130,E11zDS9XGzg,9225,"[0, 0, 0, 0, 0, 0, 0, 0, 1]"
E11zDS9XGzg,13256,i3wAGJaaktw,4494,"[0, 0, 0, 1, 0, 0, 0, 0, 0]"
98MoyGZKHXc,3889,37rzWOQsNIw,1786,"[0, 0, 0, 0, 0, 0, 0, 1, 0]"
Hl-__g2gn_A,1031,,0,"[0, 0, 0, 0, 0, 0, 0, 0, 0]"
sTEELN-vY30,3742,b626MiF1ew4,1138,"[0, 1, 0, 0, 0, 0, 0, 0, 0]"
4wU_LUjG5Ic,1380,,0,"[0, 0, 0, 0, 0, 0, 0, 0, 0]"
NyBmCxDoHJU,34,,0,"[0, 0, 0, 0, 0, 0, 0, 0, 0]"
jcoYJXDG9sw,3390,,0,"[0, 0, 0, 0, 0, 0, 0, 0, 0]"
98MoyGZKHXc,1069,,0,"[0, 0, 0, 0, 0, 0, 0, 0, 0]"
uGu_10sucQo,1724,91IHQYk1IQM,196,"[0, 0, 0, 0, 0, 1, 0, 0, 0]"
E11zDS9XGzg,4939,WxtbjNsCQ8A,3224,"[0, 0, 0, 1, 0, 0, 0, 0, 0]"
JKpqYvAdIsw,763,PJrm840pAUI,1796,"[0, 0, 0, 0, 0, 0, 1, 0, 0]"
E11zDS9XGzg,9395,,0,"[0, 0, 0, 0, 0, 0, 0, 0, 0]"
sTEELN-vY30,3015,,0,"[0, 0, 0, 0, 0, 0, 0, 0, 0]"
xxdtq8mxegs,1180,,0,"[0, 0, 0, 0, 0, 0, 0, 0, 0]"
37rzWOQsNIw,1277,eQu1rNs0an0,4577,"[0, 0, 0, 1, 0, 0, 0, 0, 0]"
xwqBXPGE9pQ,4668,AwmHb44_ouw,8003,"[0, 0, 0, 1, 0, 0, 0, 0, 0]"
xwqBXPGE9pQ,1090,WG0MBPpPC6I,7300,"[0, 0, 0, 0, 0, 0, 0, 1, 0]"
xwqBXPGE9pQ,4838,,0,"[0, 0, 0, 0, 0, 0, 0, 0, 0]"
Se3oxnaPsz0,2304,XkqCExn6_Us,3330,"[0, 0, 1, 0, 0, 0, 0, 0, 0]"
HT5vyqe0Xaw,1027,EYqVtI9YWJA,5687,"[0, 0, 1, 0, 0, 0, 0, 0, 0]"
NyBmCxDoHJU,3622,XkqCExn6_Us,4321,"[0, 0, 0, 1, 0, 0, 0, 0, 0]"
cjibtmSLxQ4,6604,,0,"[0, 0, 0, 0, 0, 0, 0, 0, 0]"
EYqVtI9YWJA,2368,,0,"[0, 0, 0, 0, 0, 0, 0, 0, 0]"
RBCABdttQmI,10796,98MoyGZKHXc,741,"[0, 0, 0, 0, 0, 0, 0, 0, 1]"
xmEERLqJ2kU,425,vdmoEJ5YbrQ,9192,"[0, 0, 0, 0, 0, 0, 0, 1, 0]"
JgHubY5Vw3Y,1852,_xMr-HKMfVA,1506,"[0, 1, 0, 0, 0, 0, 0, 0, 0]"
PJrm840pAUI,5645,,0,"[0, 0, 0, 0, 0, 0, 0, 0, 0]"
uGu_10sucQo,3704,byxOvuiIJV0,1337,"[0, 0, 0, 0, 0, 1, 0, 0, 0]"
0tmA_C6XwfM,1296,98MoyGZKHXc,3805,"[0, 0, 0, 0, 0, 1, 0, 0, 0]"
AwmHb44_ouw,1374,,0,"[0, 0, 0, 0, 0, 0, 0, 0, 0]"
eQu1rNs0an0,1175,uGu_10sucQo,1366,"[0, 1, 0, 0, 0, 0, 0, 0, 0]"
XzYM3PfTM4w,345,XzYM3PfTM4w,1591,"[0, 0, 0, 0, 0, 0, 0, 0, 1]"
Hl-__g2gn_A,1258,_xMr-HKMfVA,3740,"[0, 0, 0, 0, 0, 0, 1, 0, 0]"
akI8YFjEmUw,1541,,0,"[0, 0, 0, 0, 0, 0, 0, 0, 0]"
EYqVtI9YWJA,5615,3eYKfiOEJNs,74,"[0, 0, 1, 0, 0, 0, 0, 0, 0]"
kLxoNp-UchI,3525,iVt07TCkFM0,1299,"[0, 0, 0, 0, 0, 0, 0, 0, 1]"
-esJrBWj2d8,3934,,0,"[0, 0, 0, 0, 0, 0, 0, 0, 0]"
xxdtq8mxegs,1809,b626MiF1ew4,2122,"[0, 0, 0, 0, 0, 1, 0, 0, 0]"
qqR6AEXwxoQ,4897,Se3oxnaPsz0,3108,"[0, 0, 0, 0, 0, 0, 0, 0, 1]"
gzDbaEs1Rlg,1168,,0,"[0, 0, 0, 0, 0, 0, 0, 0, 0]"
XkqCExn6_Us,365,,0,"[0, 0, 0, 0, 0, 0, 0, 0, 0]"
xwqBXPGE9pQ,4712,,0,"[0, 0, 0, 0, 0, 0, 0, 0, 0]"
xwqBXPGE9pQ,2841,PJrm840pAUI,2639,"[0, 0, 0, 0, 0, 1, 0, 0, 0]"
vdmoEJ5YbrQ,1090,,0,"[0, 0, 0, 0, 0, 0, 0, 0, 0]"
VuWGsYPqAX8,3098,,0,"[0, 0, 0, 0, 0, 0, 0, 0, 0]"
qqR6AEXwxoQ,5305,qqR6AEXwxoQ,7061,"[0, 0, 0, 1, 0, 0, 0, 0, 0]"
E11zDS9XGzg,1420,AwmHb44_ouw,5979,"[0, 0, 0, 1, 0, 0, 0, 0, 0]"
VuWGsYPqAX8,4525,,0,"[0, 0, 0, 0, 0, 0, 0, 0, 0]"
AwmHb44_ouw,1653,byxOvuiIJV0,71,"[0, 1, 0, 0, 0, 0, 0, 0, 0]"
Bhxk-O1Y7Ho,12681,,0,"[0, 0, 0, 0, 0, 0, 0, 0, 0]"
fWutDQy1nnY,6408,,0,"[0, 0, 0, 0, 0, 0, 0, 0, 0]"
JKpqYvAdIsw,3536,,0,"[0, 0, 0, 0, 0, 0, 0, 0, 0]"
WG0MBPpPC6I,8686,,0,"[0, 0, 0, 0, 0, 0, 0, 0, 0]"
kLxoNp-UchI,3556,,0,"[0, 0, 0, 0, 0, 0, 0, 0, 0]"
EYqVtI9YWJA,5290,,0,"[0, 0, 0, 0, 0, 0, 0, 0, 0]"
XzYM3PfTM4w,51,cjibtmSLxQ4,16101,"[0, 0, 0, 0, 0, 1, 0, 0, 0]"
-esJrBWj2d8,3664,,0,"[0, 0, 0, 0, 0, 0, 0, 0, 0]"
sTEELN-vY30,2093,uGu_10sucQo,1143,"[0, 0, 0, 0, 1, 0, 0, 0, 0]"
fWutDQy1nnY,5949,37rzWOQsNIw,2304,"[0, 0, 0, 1, 0, 0, 0, 0, 0]"
JKpqYvAdIsw,1855,,0,"[0, 0, 0, 0, 0, 0, 0, 0, 0]"
cjibtmSLxQ4,9737,,0,"[0, 0, 0, 0, 0, 0, 0, 0, 0]"
4wU_LUjG5Ic,1472,byxOvuiIJV0,3333,"[0, 0, 0, 0, 0, 0, 0, 1, 0]"
WG0MBPpPC6I,4946,,0,"[0, 0, 0, 0, 0, 0, 0, 0, 0]"
NyBmCxDoHJU,1050,,0,"[0, 0, 0, 0, 0, 0, 0, 0, 0]"
akI8YFjEmUw,996,,0,"[0, 0, 0, 0, 0, 0, 0, 0, 0]"
RBCABdttQmI,7057,,0,"[0, 0, 0, 0, 0, 0, 0, 0, 0]"
_xMr-HKMfVA,2327,,0,"[0, 0, 0, 0, 0, 0, 0, 0, 0]"
XzYM3PfTM4w,73,,0,"[0, 0, 0, 0, 0, 0, 0, 0, 0]"
PJrm840pAUI,1764,byxOvuiIJV0,3548,"[0, 0, 1, 0, 0, 0, 0, 0, 0]"
XkqCExn6_Us,2702,AwmHb44_ouw,3381,"[0, 0, 0, 0, 0, 0, 1, 0, 0]"
Hl-__g2gn_A,5101,4wU_LUjG5Ic,825,"[0, 0, 0, 0, 0, 0, 0, 1, 0]"
gzDbaEs1Rlg,3454,WG0MBPpPC6I,1611,"[0, 0, 0, 0, 1, 0, 0, 0, 0]"
-esJrBWj2d8,466,,0,"[0, 0, 0, 0, 0, 0, 0, 0, 0]"
vdmoEJ5YbrQ,1170,gzDbaEs1Rlg,5603,"[0, 0, 0, 0, 0, 0, 0, 0, 1]"
uGu_10sucQo,1317,kLxoNp-UchI,1903,"[0, 0, 0, 0, 0, 1, 0, 0, 0]"
eQu1rNs0an0,2294,,0,"[0, 0, 0, 0, 0, 0, 0, 0, 0]"
byxOvuiIJV0,722,,0,"[0, 0, 0, 0, 0, 0, 0, 0, 0]"
b626MiF1ew4,1127,Se3oxnaPsz0,3804,"[0, 0, 0, 0, 0, 0, 1, 0, 0]"
EE-bNr36nyA,1005,b626MiF1ew4,3734,"[0, 0, 0, 0, 1, 0, 0, 0, 0]"
gzDbaEs1Rlg,4952,LRw_obCPUt0,4201,"[0, 0, 0, 1, 0, 0, 0, 0, 0]"
uGu_10sucQo,3483,,0,"[0, 0, 0, 0, 0, 0, 0, 0, 0]"
i3wAGJaaktw,1441,-esJrBWj2d8,1670,"[0, 0, 0, 0, 0, 0, 1, 0, 0]"
akI8YFjEmUw,443,HT5vyqe0Xaw,1538,"[0, 0, 0, 0, 1, 0, 0, 0, 0]"
qqR6AEXwxoQ,4446,,0,"[0, 0, 0, 0, 0, 0, 0, 0, 0]"
HT5vyqe0Xaw,2766,,0,"[0, 0, 0, 0, 0, 0, 0, 0, 0]"
Bhxk-O1Y7Ho,12657,,0,"[0, 0, 0, 0, 0, 0, 0, 0, 0]"
AwmHb44_ouw,345,jcoYJXDG9sw,521,"[0, 0, 0, 1, 0, 0, 0, 0, 0]"
3eYKfiOEJNs,98,,0,"[0, 0, 0, 0, 0, 0, 0, 0, 0]"
sTEELN-vY30,1752,sTEELN-vY30,3330,"[0, 0, 0, 0, 0, 0, 0, 0, 1]"
RBCABdttQmI,1052,,0,"[0, 0, 0, 0, 0, 0, 0, 0, 0]"
WxtbjNsCQ8A,2332,XkqCExn6_Us,5335,"[0, 0, 0, 0, 0, 0, 0, 1, 0]"
37rzWOQsNIw,2720,,0,"[0, 0, 0, 0, 0, 0, 0, 0, 0]"
0tmA_C6XwfM,2857,,0,"[0, 0, 0, 0, 0, 0, 0, 0, 0]"
sTEELN-vY30,2436,,0,"[0, 0, 0, 0, 0, 0, 0, 0, 0]"
E11zDS9XGzg,8689,sTEELN-vY30,79,"[0, 0, 0, 0, 0, 0, 0, 1, 0]"
AwmHb44_ouw,5237,RBCABdttQmI,7683,"[0, 0, 0, 0, 0, 0, 0, 1, 0]"
cjibtmSLxQ4,10631,EYqVtI9YWJA,5830,"[0, 1, 0, 0, 0, 0, 0, 0, 0]"
Bhxk-O1Y7Ho,6429,0tmA_C6XwfM,1078,"[0, 0, 0, 0, 0, 0, 0, 0, 1]"
J0nA4VgnoCo,260,xmEERLqJ2kU,7581,"[0, 1, 0, 0, 0, 0, 0, 0, 0]"
eQu1rNs0an0,3797,eQu1rNs0an0,1440,"[0, 0, 0, 0, 0, 0, 0, 1, 0]"
EYqVtI9YWJA,3968,,0,"[0, 0, 0, 0, 0, 0, 0, 0, 0]"
GsAD1KT1xo8,4035,vdmoEJ5YbrQ,5354,"[0, 0, 0, 0, 0, 0, 0, 0, 1]"
Bhxk-O1Y7Ho,732,Hl-__g2gn_A,2060,"[0, 0, 1, 0, 0, 0, 0, 0, 0]"
akI8YFjEmUw,2182,vdmoEJ5YbrQ,8364,"[0, 1, 0, 0, 0, 0, 0, 0, 0]"
-esJrBWj2d8,4570,kLxoNp-UchI,840,"[0, 0, 0, 0, 0, 0, 0, 0, 1]"
jcoYJXDG9sw,2887,,0,"[0, 0, 0, 0, 0, 0, 0, 0, 0]"
NyBmCxDoHJU,1415,Yi4Ij2NM7U4,5365,"[0, 0, 0, 1, 0, 0, 0, 0, 0]"
4wU_LUjG5Ic,3401,,0,"[0, 0, 0, 0, 0, 0, 0, 0, 0]"
0tmA_C6XwfM,177,z_6gVvQb2d0,2195,"[0, 0, 0, 0, 0, 1, 0, 0, 0]"
xmEERLqJ2kU,3770,PJrm840pAUI,1819,"[0, 0, 0, 0, 1, 0, 0, 0, 0]"
37rzWOQsNIw,2425,Bhxk-O1Y7Ho,4959,"[0, 0, 0, 1, 0, 0, 0, 0, 0]"
xxdtq8mxegs,3426,xwqBXPGE9pQ,3105,"[0, 0, 0, 0, 0, 1, 0, 0, 0]"
PJrm840pAUI,2673,,0,"[0, 0, 0, 0, 0, 0, 0, 0, 0]"
HT5vyqe0Xaw,6031,-esJrBWj2d8,23,"[0, 0, 0, 0, 0, 0, 0, 1, 0]"
JgHubY5Vw3Y,3656,vdmoEJ5YbrQ,2575,"[0, 0, 0, 0, 0, 0, 0, 1, 0]"
EE-bNr36nyA,1684,,0,"[0, 0, 0, 0, 0, 0, 0, 0, 0]"
eQu1rNs0an0,1205,,0,"[0, 0, 0, 0, 0, 0, 0, 0, 0]"
GsAD1KT1xo8,1538,kLxoNp-UchI,3825,"[0, 0, 0, 0, 0, 0, 1, 0, 0]"
JgHubY5Vw3Y,1126,,0,"[0, 0, 0, 0, 0, 0, 0, 0, 0]"
NyBmCxDoHJU,24,98MoyGZKHXc,706,"[0, 0, 0, 0, 0, 0, 1, 0, 0]"
Se3oxnaPsz0,609,,0,"[0, 0, 0, 0, 0, 0, 0, 0, 0]"
qqR6AEXwxoQ,2544,,0,"[0, 0, 0, 0, 0, 0, 0, 0, 0]"
EYqVtI9YWJA,2020,,0,"[0, 0, 0, 0, 0, 0, 0, 0, 0]"
GsAD1KT1xo8,3894,,0,"[0, 0, 0, 0, 0, 0, 0, 0, 0]"
0tmA_C6XwfM,1402,z_6gVvQb2d0,4570,"[0, 0, 0, 0, 1, 0, 0, 0, 0]"
HT5vyqe0Xaw,203,,0,"[0, 0, 0, 0, 0, 0, 0, 0, 0]"
JgHubY5Vw3Y,3316,,0,"[0, 0, 0, 0, 0, 0, 0, 0, 0]"
LRw_obCPUt0,5343,XzYM3PfTM4w,2890,"[0, 0, 0, 0, 1, 0, 0, 0, 0]"
VuWGsYPqAX8,5351,PJrm840pAUI,36,"[0, 0, 0, 0, 0, 1, 0, 0, 0]"
NyBmCxDoHJU,4167,,0,"[0, 0, 0, 0, 0, 0, 0, 0, 0]"
fWutDQy1nnY,9622,Yi4Ij2NM7U4,3112,"[0, 0, 0, 1, 0, 0, 0, 0, 0]"
NyBmCxDoHJU,1423,VuWGsYPqAX8,1333,"[0, 0, 0, 1, 0, 0, 0, 0, 0]"
eQu1rNs0an0,4307,eQu1rNs0an0,4507,"[0, 0, 0, 0, 0, 0, 0, 1, 0]"
z_6gVvQb2d0,2869,iVt07TCkFM0,1163,"[0, 1, 0, 0, 0, 0, 0, 0, 0]"
NyBmCxDoHJU,4298,,0,"[0, 0, 0, 0, 0, 0, 0, 0, 0]"
i3wAGJaaktw,4554,,0,"[0, 0, 0, 0, 0, 0, 0, 0, 0]"
37rzWOQsNIw,5066,qqR6AEXwxoQ,3588,"[0, 0, 1, 0, 0, 0, 0, 0, 0]"
EE-bNr36nyA,799,NyBmCxDoHJU,3345,"[0, 0, 0, 0, 0, 0, 0, 0, 1]"
WG0MBPpPC6I,6166,cjibtmSLxQ4,11878,"[0, 0, 0, 0, 0, 0, 0, 1, 0]"
iVt07TCkFM0,1300,4wU_LUjG5Ic,1374,"[0, 0, 0, 1, 0, 0, 0, 0, 0]"
LRw_obCPUt0,3859,,0,"[0, 0, 0, 0, 0, 0, 0, 0, 0]"
cjibtmSLxQ4,14396,JgHubY5Vw3Y,4226,"[0, 0, 0, 0, 0, 0, 0, 0, 1]"
oDXZc0tZe04,8237,,0,"[0, 0, 0, 0, 0, 0, 0, 0, 0]"
NyBmCxDoHJU,4274,,0,"[0, 0, 0, 0, 0, 0, 0, 0, 0]"
jcoYJXDG9sw,1675,,0,"[0, 0, 0, 0, 0, 0, 0, 0, 0]"
3eYKfiOEJNs,2480,RBCABdttQmI,2495,"[0, 0, 0, 1, 0, 0, 0, 0, 0]"
Yi4Ij2NM7U4,991,,0,"[0, 0, 0, 0, 0, 0, 0, 0, 0]"
Bhxk-O1Y7Ho,8235,uGu_10sucQo,2948,"[0, 0, 0, 0, 0, 0, 0, 1, 0]"
kLxoNp-UchI,2109,,0,"[0, 0, 0, 0, 0, 0, 0, 0, 0]"
37rzWOQsNIw,4408,vdmoEJ5YbrQ,9317,"[0, 0, 0, 0, 1, 0, 0, 0, 0]"
eQu1rNs0an0,1179,,0,"[0, 0, 0, 0, 0, 0, 0, 0, 0]"
JgHubY5Vw3Y,1194,fWutDQy1nnY,3887,"[0, 0, 0, 0, 0, 0, 0, 1, 0]"
4wU_LUjG5Ic,211,i3wAGJaaktw,4189,"[0, 0, 0, 0, 0, 0, 1, 0, 0]"
LRw_obCPUt0,1991,,0,"[0, 0, 0, 0, 0, 0, 0, 0, 0]"
xmEERLqJ2kU,396,,0,"[0, 0, 0, 0, 0, 0, 0, 0, 0]"
xxdtq8mxegs,3773,,0,"[0, 0, 0, 0, 0, 0, 0, 0, 0]"
GsAD1KT1xo8,1617,Bhxk-O1Y7Ho,7555,"[0, 0, 0, 1, 0, 0, 0, 0, 0]"
qqR6AEXwxoQ,6403,,0,"[0, 0, 0, 0, 0, 0, 0, 0, 0]"
XzYM3PfTM4w,2521,,0,"[0, 0, 0, 0, 0, 0, 0, 0, 0]"
98MoyGZKHXc,260,,0,"[0, 0, 0, 0, 0, 0, 0, 0, 0]"
3eYKfiOEJNs,1697,cjibtmSLxQ4,13087,"[0, 0, 1, 0, 0, 0, 0, 0, 0]"
RBCABdttQmI,7759,JKpqYvAdIsw,3670,"[0, 1, 0, 0, 0, 0, 0, 0, 0]"
qqR6AEXwxoQ,2688,,0,"[0, 0, 0, 0, 0, 0, 0, 0, 0]"
xxdtq8mxegs,1878,Se3oxnaPsz0,423,"[0, 0, 0, 0, 0, 1, 0, 0, 0]"
91IHQYk1IQM,1261,xxdtq8mxegs,1927,"[0, 0, 0, 0, 0, 0, 0, 1, 0]"
jcoYJXDG9sw,2268,LRw_obCPUt0,2016,"[0, 0, 0, 0, 0, 1, 0, 0, 0]"
akI8YFjEmUw,240,WG0MBPpPC6I,8348,"[0, 0, 1, 0, 0, 0, 0, 0, 0]"
_xMr-HKMfVA,4317,,0,"[0, 0, 0, 0, 0, 0, 0, 0, 0]"
oDXZc0tZe04,5884,byxOvuiIJV0,710,"[0, 0, 1, 0, 0, 0, 0, 0, 0]"
xxdtq8mxegs,2154,JgHubY5Vw3Y,2215,"[0, 0, 1, 0, 0, 0, 0, 0, 0]"
fWutDQy1nnY,6790,,0,"[0, 0, 0, 0, 0, 0, 0, 0, 0]"
xxdtq8mxegs,2027,,0,"[0, 0, 0, 0, 0, 0, 0, 0, 0]"
91IHQYk1IQM,373,sTEELN-vY30,1900,"[0, 0, 0, 0, 0, 0, 1, 0, 0]"
Bhxk-O1Y7Ho,388,JgHubY5Vw3Y,838,"[0, 1, 0, 0, 0, 0, 0, 0, 0]"
WG0MBPpPC6I,1225,3eYKfiOEJNs,4592,"[0, 0, 1, 0, 0, 0, 0, 0, 0]"
uGu_10sucQo,2703,,0,"[0, 0, 0, 0, 0, 0, 0, 0, 0]"
xmEERLqJ2kU,12906,,0,"[0, 0, 0, 0, 0, 0, 0, 0, 0]"
akI8YFjEmUw,1087,,0,"[0, 0, 0, 0, 0, 0, 0, 0, 0]"
Yi4Ij2NM7U4,5978,vdmoEJ5YbrQ,5630,"[0, 0, 0, 0, 0, 1, 0, 0, 0]"
NyBmCxDoHJU,808,3eYKfiOEJNs,3049,"[0, 0, 0, 0, 1, 0, 0, 0, 0]"
akI8YFjEmUw,2954,37rzWOQsNIw,4157,"[0, 0, 0, 0, 0, 0, 0, 0, 1]"
NyBmCxDoHJU,4503,,0,"[0, 0, 0, 0, 0, 0, 0, 0, 0]"
iVt07TCkFM0,1879,98MoyGZKHXc,3101,"[0, 0, 0, 0, 0, 0, 0, 0, 1]"
VuWGsYPqAX8,3196,,0,"[0, 0, 0, 0, 0, 0, 0, 0, 0]"
XkqCExn6_Us,1047,i3wAGJaaktw,1881,"[0, 0, 0, 1, 0, 0, 0, 0, 0]"
xxdtq8mxegs,221,NyBmCxDoHJU,1066,"[0, 0, 0, 0, 0, 0, 0, 1, 0]"
oDXZc0tZe04,2613,98MoyGZKHXc,3824,"[0, 0, 0, 1, 0, 0, 0, 0, 0]"
sTEELN-vY30,3808,qqR6AEXwxoQ,2184,"[0, 0, 1, 0, 0, 0, 0, 0, 0]"
JgHubY5Vw3Y,2702,EYqVtI9YWJA,651,"[0, 0, 0, 0, 0, 0, 0, 0, 1]"
oDXZc0tZe04,2424,WxtbjNsCQ8A,5646,"[0, 0, 0, 0, 0, 0, 1, 0, 0]"
qqR6AEXwxoQ,1557,,0,"[0, 0, 0, 0, 0, 0, 0, 0, 0]"
EE-bNr36nyA,296,,0,"[0, 0, 0, 0, 0, 0, 0, 0, 0]"
RBCABdttQmI,610,,0,"[0, 0, 0, 0, 0, 0, 0, 0, 0]"
98MoyGZKHXc,2413,qqR6AEXwxoQ,3168,"[0, 0, 0, 0, 0, 0, 1, 0, 0]"
fWutDQy1nnY,6537,,0,"[0, 0, 0, 0, 0, 0, 0, 0, 0]"
AwmHb44_ouw,8615,PJrm840pAUI,5215,"[0, 0, 0, 0, 1, 0, 0, 0, 0]"
AwmHb44_ouw,4451,,0,"[0, 0, 0, 0, 0, 0, 0, 0, 0]"
akI8YFjEmUw,27,xwqBXPGE9pQ,1503,"[0, 0, 0, 0, 0, 1, 0, 0, 0]"
EYqVtI9YWJA,4789,,0,"[0, 0, 0, 0, 0, 0, 0, 0, 0]"
PJrm840pAUI,533,gzDbaEs1Rlg,6705,"[0, 0, 0, 0, 0, 0, 0, 1, 0]"
0tmA_C6XwfM,1668,98MoyGZKHXc,4108,"[0, 0, 0, 0, 0, 0, 1, 0, 0]"
Se3oxnaPsz0,1843,gzDbaEs1Rlg,2759,"[0, 0, 0, 0, 0, 0, 0, 0, 1]"
iVt07TCkFM0,1262,,0,"[0, 0, 0, 0, 0, 0, 0, 0, 0]"
byxOvuiIJV0,2852,,0,"[0, 0, 0, 0, 0, 0, 0, 0, 0]"
xxdtq8mxegs,972,i3wAGJaaktw,677,"[0, 0, 0, 0, 1, 0, 0, 0, 0]"
HT5vyqe0Xaw,1225,EE-bNr36nyA,316,"[0, 0, 0, 0, 0, 0, 0, 1, 0]"
uGu_10sucQo,3530,,0,"[0, 0, 0, 0, 0, 0, 0, 0, 0]"
PJrm840pAUI,3011,,0,"[0, 0, 0, 0, 0, 0, 0, 0, 0]"
fWutDQy1nnY,9088,,0,"[0, 0, 0, 0, 0, 0, 0, 0, 0]"
xxdtq8mxegs,3641,vdmoEJ5YbrQ,7195,"[0, 0, 0, 0, 0, 0, 1, 0, 0]"
iVt07TCkFM0,1354,,0,"[0, 0, 0, 0, 0, 0, 0, 0, 0]"
NyBmCxDoHJU,4243,qqR6AEXwxoQ,324,"[0, 0, 0, 0, 0, 1, 0, 0, 0]"
98MoyGZKHXc,1030,,0,"[0, 0, 0, 0, 0, 0, 0, 0, 0]"
JgHubY5Vw3Y,3063,,0,"[0, 0, 0, 0, 0, 0, 0, 0, 0]"
Se3oxnaPsz0,2157,,0,"[0, 0, 0, 0, 0, 0, 0, 0, 0]"
b626MiF1ew4,2076,E11zDS9XGzg,9370,"[0, 0, 0, 0, 0, 0, 0, 0, 1]"
xmEERLqJ2kU,3391,RBCABdttQmI,9176,"[0, 0, 0, 0, 0, 0, 0, 0, 1]"
EE-bNr36nyA,2864,3eYKfiOEJNs,3225,"[0, 0, 0, 1, 0, 0, 0, 0, 0]"
i3wAGJaaktw,2888,,0,"[0, 0, 0, 0, 0, 0, 0, 0, 0]"
gzDbaEs1Rlg,5429,HT5vyqe0Xaw,7813,"[0, 0, 0, 0, 0, 0, 0, 0, 1]"
xwqBXPGE9pQ,4190,,0,"[0, 0, 0, 0, 0, 0, 0, 0, 0]"
AwmHb44_ouw,1946,WG0MBPpPC6I,5549,"[0, 0, 0, 0, 1, 0, 0, 0, 0]"
PJrm840pAUI,6342,HT5vyqe0Xaw,2292,"[0, 0, 0, 0, 0, 0, 0, 0, 1]"
EYqVtI9YWJA,2215,,0,"[0, 0, 0, 0, 0, 0, 0, 0, 0]"
XzYM3PfTM4w,1550,Bhxk-O1Y7Ho,10078,"[0, 0, 0, 0, 0, 0, 0, 1, 0]"
37rzWOQsNIw,4816,HT5vyqe0Xaw,394,"[0, 1, 0, 0, 0, 0, 0, 0, 0]"
JKpqYvAdIsw,463,fWutDQy1nnY,16490,"[0, 1, 0, 0, 0, 0, 0, 0, 0]"
RBCABdttQmI,5747,,0,"[0, 0, 0, 0, 0, 0, 0, 0, 0]"
b626MiF1ew4,4876,XzYM3PfTM4w,2696,"[0, 0, 0, 1, 0, 0, 0, 0, 0]"
XzYM3PfTM4w,1177,WG0MBPpPC6I,2679,"[0, 0, 0, 0, 0, 0, 0, 0, 1]"
jcoYJXDG9sw,4671,,0,"[0, 0, 0, 0, 0, 0, 0, 0, 0]"
z_6gVvQb2d0,5705,gzDbaEs1Rlg,610,"[0, 0, 0, 0, 1, 0, 0, 0, 0]"
JKpqYvAdIsw,2845,,0,"[0, 0, 0, 0, 0, 0, 0, 0, 0]"
JKpqYvAdIsw,1061,,0,"[0, 0, 0, 0, 0, 0, 0, 0, 0]"
AwmHb44_ouw,4348,iVt07TCkFM0,1132,"[0, 0, 0, 0, 1, 0, 0, 0, 0]"
cjibtmSLxQ4,15524,fWutDQy1nnY,3266,"[0, 0, 0, 0, 0, 0, 1, 0, 0]"
sTEELN-vY30,2601,,0,"[0, 0, 0, 0, 0, 0, 0, 0, 0]"
98MoyGZKHXc,1003,_xMr-HKMfVA,2601,"[0, 0, 0, 0, 0, 0, 1, 0, 0]"
91IHQYk1IQM,3054,,0,"[0, 0, 0, 0, 0, 0, 0, 0, 0]"
z_6gVvQb2d0,1509,RBCABdttQmI,7987,"[0, 0, 0, 1, 0, 0, 0, 0, 0]"
xmEERLqJ2kU,6348,,0,"[0, 0, 0, 0, 0, 0, 0, 0, 0]"
xxdtq8mxegs,659,,0,"[0, 0, 0, 0, 0, 0, 0, 0, 0]"
LRw_obCPUt0,5564,,0,"[0, 0, 0, 0, 0, 0, 0, 0, 0]"
37rzWOQsNIw,1157,37rzWOQsNIw,4670,"[0, 0, 0, 0, 1, 0, 0, 0, 0]"
iVt07TCkFM0,1214,,0,"[0, 0, 0, 0, 0, 0, 0, 0, 0]"
0tmA_C6XwfM,306,,0,"[0, 0, 0, 0, 0, 0, 0, 0, 0]"
91IHQYk1IQM,545,byxOvuiIJV0,1036,"[0, 0, 0, 0, 0, 0, 1, 0, 0]"
jcoYJXDG9sw,3602,,0,"[0, 0, 0, 0, 0, 0, 0, 0, 0]"
0tmA_C6XwfM,30,,0,"[0, 0, 0, 0, 0, 0, 0, 0, 0]"
EE-bNr36nyA,1472,,0,"[0, 0, 0, 0, 0, 0, 0, 0, 0]"
LRw_obCPUt0,4591,,0,"[0, 0, 0, 0, 0, 0, 0, 0, 0]"
cjibtmSLxQ4,3168,JKpqYvAdIsw,1012,"[0, 0, 0, 0, 1, 0, 0, 0, 0]"
91IHQYk1IQM,2365,xmEERLqJ2kU,4201,"[0, 0, 0, 0, 0, 1, 0, 0, 0]"
VuWGsYPqAX8,1469,,0,"[0, 0, 0, 0, 0, 0, 0, 0, 0]"
NyBmCxDoHJU,3996,,0,"[0, 0, 0, 0, 0, 0, 0, 0, 0]"
AwmHb44_ouw,7812,,0,"[0, 0, 0, 0, 0, 0, 0, 0, 0]"
z_6gVvQb2d0,8064,4wU_LUjG5Ic,818,"[0, 0, 0, 0, 0, 0, 1, 0, 0]"
xmEERLqJ2kU,12595,,0,"[0, 0, 0, 0, 0, 0, 0, 0, 0]"
J0nA4VgnoCo,10657,NyBmCxDoHJU,3336,"[0, 0, 0, 0, 1, 0, 0, 0, 0]"
XkqCExn6_Us,4433,fWutDQy1nnY,6978,"[0, 0, 0, 0, 0, 1, 0, 0, 0]"
kLxoNp-UchI,3664,WxtbjNsCQ8A,3598,"[0, 1, 0, 0, 0, 0, 0, 0, 0]"
E11zDS9XGzg,829,,0,"[0, 0, 0, 0, 0, 0, 0, 0, 0]"
0tmA_C6XwfM,485,,0,"[0, 0, 0, 0, 0, 0, 0, 0, 0]"
WG0MBPpPC6I,7992,,0,"[0, 0, 0, 0, 0, 0, 0, 0, 0]"
gzDbaEs1Rlg,610,WG0MBPpPC6I,3481,"[0, 0, 0, 0, 0, 0, 0, 1, 0]"
Se3oxnaPsz0,2610,HT5vyqe0Xaw,3361,"[0, 1, 0, 0, 0, 0, 0, 0, 0]"
vdmoEJ5YbrQ,845,,0,"[0, 0, 0, 0, 0, 0, 0, 0, 0]"
gzDbaEs1Rlg,4521,Hl-__g2gn_A,2948,"[0, 0, 0, 0, 0, 0, 0, 0, 1]"
vdmoEJ5YbrQ,1682,z_6gVvQb2d0,1228,"[0, 0, 1, 0, 0, 0, 0, 0, 0]"
i3wAGJaaktw,2960,,0,"[0, 0, 0, 0, 0, 0, 0, 0, 0]"
J0nA4VgnoCo,12023,,0,"[0, 0, 0, 0, 0, 0, 0, 0, 0]"
3eYKfiOEJNs,3199,,0,"[0, 0, 0, 0, 0, 0, 0, 0, 0]"
J0nA4VgnoCo,13890,,0,"[0, 0, 0, 0, 0, 0, 0, 0, 0]"
akI8YFjEmUw,3016,uGu_10sucQo,479,"[0, 1, 0, 0, 0, 0, 0, 0, 0]"
Hl-__g2gn_A,1768,,0,"[0, 0, 0, 0, 0, 0, 0, 0, 0]"
byxOvuiIJV0,3297,PJrm840pAUI,477,"[0, 0, 0, 1, 0, 0, 0, 0, 0]"
Yi4Ij2NM7U4,8270,,0,"[0, 0, 0, 0, 0, 0, 0, 0, 0]"
kLxoNp-UchI,1189,cjibtmSLxQ4,13318,"[0, 0, 0, 0, 0, 0, 1, 0, 0]"
JKpqYvAdIsw,648,37rzWOQsNIw,4845,"[0, 0, 0, 0, 0, 0, 0, 1, 0]"
eQu1rNs0an0,4458,,0,"[0, 0, 0, 0, 0, 0, 0, 0, 0]"
-esJrBWj2d8,5112,,0,"[0, 0, 0, 0, 0, 0, 0, 0, 0]"
_xMr-HKMfVA,1960,,0,"[0, 0, 0, 0, 0, 0, 0, 0, 0]"
VuWGsYPqAX8,4392,,0,"[0, 0, 0, 0, 0, 0, 0, 0, 0]"
iVt07TCkFM0,1230,AwmHb44_ouw,592,"[0, 0, 0, 0, 0, 0, 0, 0, 1]"
PJrm840pAUI,4086,NyBmCxDoHJU,2900,"[0, 0, 0, 0, 0, 0, 0, 1, 0]"
xwqBXPGE9pQ,407,,0,"[0, 0, 0, 0, 0, 0, 0, 0, 0]"
gzDbaEs1Rlg,4044,,0,"[0, 0, 0, 0, 0, 0, 0, 0, 0]"
GsAD1KT1xo8,1509,,0,"[0, 0, 0, 0, 0, 0, 0, 0, 0]"
LRw_obCPUt0,384,xmEERLqJ2kU,10934,"[0, 1, 0, 0, 0, 0, 0, 0, 0]"
GsAD1KT1xo8,2609,VuWGsYPqAX8,1622,"[0, 0, 0, 0, 0, 0, 0, 1, 0]"
XkqCExn6_Us,4252,akI8YFjEmUw,1421,"[0, 0, 0, 1, 0, 0, 0, 0, 0]"
EYqVtI9YWJA,895,,0,"[0, 0, 0, 0, 0, 0, 0, 0, 0]"
iVt07TCkFM0,247,,0,"[0, 0, 0, 0, 0, 0, 0, 0, 0]"
xwqBXPGE9pQ,4737,,0,"[0, 0, 0, 0, 0, 0, 0, 0, 0]"
xwqBXPGE9pQ,816,,0,"[0, 0, 0, 0, 0, 0, 0, 0, 0]"
E11zDS9XGzg,7902,,0,"[0, 0, 0, 0, 0, 0, 0, 0, 0]"
Yi4Ij2NM7U4,3877,,0,"[0, 0, 0, 0, 0, 0, 0, 0, 0]"
z_6gVvQb2d0,5033,gzDbaEs1Rlg,987,"[0, 0, 0, 0, 0, 0, 0, 1, 0]"
RBCABdttQmI,10534,,0,"[0, 0, 0, 0, 0, 0, 0, 0, 0]"
Hl-__g2gn_A,109,,0,"[0, 0, 0, 0, 0, 0, 0, 0, 0]"
xmEERLqJ2kU,9227,b626MiF1ew4,1287,"[0, 0, 0, 0, 0, 0, 0, 0, 1]"
EYqVtI9YWJA,3146,,0,"[0, 0, 0, 0, 0, 0, 0, 0, 0]"
Se3oxnaPsz0,855,xwqBXPGE9pQ,493,"[0, 0, 0, 0, 0, 0, 0, 1, 0]"
b626MiF1ew4,800,RBCABdttQmI,5625,"[0, 0, 0, 0, 0, 0, 0, 0, 1]"
PJrm840pAUI,682,vdmoEJ5YbrQ,3568,"[0, 0, 0, 0, 0, 0, 0, 1, 0]"
xxdtq8mxegs,3702,,0,"[0, 0, 0, 0, 0, 0, 0, 0, 0]"
NyBmCxDoHJU,2627,,0,"[0, 0, 0, 0, 0, 0, 0, 0, 0]"
XkqCExn6_Us,1522,,0,"[0, 0, 0, 0, 0, 0, 0, 0, 0]"
fWutDQy1nnY,5470,,0,"[0, 0, 0, 0, 0, 0, 0, 0, 0]"
XzYM3PfTM4w,2632,,0,"[0, 0, 0, 0, 0, 0, 0, 0, 0]"
JgHubY5Vw3Y,2737,,0,"[0, 0, 0, 0, 0, 0, 0, 0, 0]"
0tmA_C6XwfM,2430,,0,"[0, 0, 0, 0, 0, 0, 0, 0, 0]"
GsAD1KT1xo8,4056,0tmA_C6XwfM,791,"[0, 0, 0, 0, 0, 0, 0, 0, 1]"
uGu_10sucQo,1483,Se3oxnaPsz0,3435,"[0, 0, 0, 0, 1, 0, 0, 0, 0]"
cjibtmSLxQ4,2607,xmEERLqJ2kU,360,"[0, 0, 1, 0, 0, 0, 0, 0, 0]"
Bhxk-O1Y7Ho,2702,,0,"[0, 0, 0, 0, 0, 0, 0, 0, 0]"
HT5vyqe0Xaw,180,b626MiF1ew4,4144,"[0, 1, 0, 0, 0, 0, 0, 0, 0]"
4wU_LUjG5Ic,948,,0,"[0, 0, 0, 0, 0, 0, 0, 0, 0]"
EYqVtI9YWJA,756,J0nA4VgnoCo,10862,"[0, 0, 0, 0, 1, 0, 0, 0, 0]"
oDXZc0tZe04,2389,LRw_obCPUt0,31,"[0, 0, 0, 0, 0, 0, 0, 0, 1]"
gzDbaEs1Rlg,6878,,0,"[0, 0, 0, 0, 0, 0, 0, 0, 0]"
eQu1rNs0an0,487,,0,"[0, 0, 0, 0, 0, 0, 0, 0, 0]"
JKpqYvAdIsw,397,iVt07TCkFM0,1466,"[0, 0, 0, 0, 0, 0, 1, 0, 0]"
Bhxk-O1Y7Ho,6332,,0,"[0, 0, 0, 0, 0, 0, 0, 0, 0]"
b626MiF1ew4,2395,,0,"[0, 0, 0, 0, 0, 0, 0, 0, 0]"
sTEELN-vY30,1155,J0nA4VgnoCo,10277,"[0, 0, 0, 0, 0, 1, 0, 0, 0]"
Bhxk-O1Y7Ho,9993,EYqVtI9YWJA,1400,"[0, 0, 0, 0, 0, 0, 1, 0, 0]"
sTEELN-vY30,3463,,0,"[0, 0, 0, 0, 0, 0, 0, 0, 0]"
iVt07TCkFM0,1326,,0,"[0, 0, 0, 0, 0, 0, 0, 0, 0]"
E11zDS9XGzg,3292,sTEELN-vY30,621,"[0, 0, 0, 0, 1, 0, 0, 0, 0]"
qqR6AEXwxoQ,5168,3eYKfiOEJNs,2692,"[0, 0, 0, 0, 1, 0, 0, 0, 0]"
AwmHb44_ouw,1203,jcoYJXDG9sw,217,"[0, 0, 0, 0, 0, 1, 0, 0, 0]"
XkqCExn6_Us,3967,,0,"[0, 0, 0, 0, 0, 0, 0, 0, 0]"
iVt07TCkFM0,2130,_xMr-HKMfVA,319,"[0, 0, 0, 0, 1, 0, 0, 0, 0]"
JKpqYvAdIsw,833,fWutDQy1nnY,10410,"[0, 0, 0, 0, 0, 0, 0, 1, 0]"
JKpqYvAdIsw,2735,NyBmCxDoHJU,3126,"[0, 0, 0, 0, 0, 1, 0, 0, 0]"
XkqCExn6_Us,4430,,0,"[0, 0, 0, 0, 0, 0, 0, 0, 0]"
91IHQYk1IQM,3173,EYqVtI9YWJA,2274,"[0, 0, 0, 0, 0, 1, 0, 0, 0]"
oDXZc0tZe04,8154,VuWGsYPqAX8,2049,"[0, 0, 1, 0, 0, 0, 0, 0, 0]"
xmEERLqJ2kU,2503,uGu_10sucQo,3326,"[0, 0, 0, 0, 0, 0, 0, 1, 0]"
37rzWOQsNIw,611,,0,"[0, 0, 0, 0, 0, 0, 0, 0, 0]"
VuWGsYPqAX8,4964,,0,"[0, 0, 0, 0, 0, 0, 0, 0, 0]"
oDXZc0tZe04,51,jcoYJXDG9sw,542,"[0, 0, 0, 0, 0, 0, 1, 0, 0]"
XzYM3PfTM4w,1229,uGu_10sucQo,3087,"[0, 0, 0, 0, 0, 0, 0, 1, 0]"
b626MiF1ew4,551,,0,"[0, 0, 0, 0, 0, 0, 0, 0, 0]"
vdmoEJ5YbrQ,4919,,0,"[0, 0, 0, 0, 0, 0, 0, 0, 0]"
eQu1rNs0an0,163,,0,"[0, 0, 0, 0, 0, 0, 0, 0, 0]"
3eYKfiOEJNs,2372,,0,"[0, 0, 0, 0, 0, 0, 0, 0, 0]"
AwmHb44_ouw,2289,uGu_10sucQo,1783,"[0, 0, 0, 0, 0, 1, 0, 0, 0]"
3eYKfiOEJNs,3570,LRw_obCPUt0,4843,"[0, 0, 0, 0, 1, 0, 0, 0, 0]"
kLxoNp-UchI,808,37rzWOQsNIw,5614,"[0, 0, 1, 0, 0, 0, 0, 0, 0]"
gzDbaEs1Rlg,943,,0,"[0, 0, 0, 0, 0, 0, 0, 0, 0]"
AwmHb44_ouw,2326,3eYKfiOEJNs,3550,"[0, 0, 0, 1, 0, 0, 0, 0, 0]"
EE-bNr36nyA,1085,3eYKfiOEJNs,897,"[0, 0, 0, 0, 0, 0, 1, 0, 0]"
xmEERLqJ2kU,8947,37rzWOQsNIw,19,"[0, 0, 0, 0, 0, 0, 0, 1, 0]"
i3wAGJaaktw,517,xwqBXPGE9pQ,2460,"[0, 0, 0, 1, 0, 0, 0, 0, 0]"
b626MiF1ew4,1755,xwqBXPGE9pQ,5531,"[0, 0, 0, 0, 0, 1, 0, 0, 0]"
xmEERLqJ2kU,11691,_xMr-HKMfVA,3797,"[0, 0, 0, 0, 0, 0, 1, 0, 0]"
iVt07TCkFM0,289,AwmHb44_ouw,6770,"[0, 0, 0, 0, 0, 1, 0, 0, 0]"
akI8YFjEmUw,1886,,0,"[0, 0, 0, 0, 0, 0, 0, 0, 0]"
VuWGsYPqAX8,2994,,0,"[0, 0, 0, 0, 0, 0, 0, 0, 0]"
Bhxk-O1Y7Ho,7250,,0,"[0, 0, 0, 0, 0, 0, 0, 0, 0]"
3eYKfiOEJNs,346,,0,"[0, 0, 0, 0, 0, 0, 0, 0, 0]"
3eYKfiOEJNs,1261,eQu1rNs0an0,2760,"[0, 0, 0, 1, 0, 0, 0, 0, 0]"
xxdtq8mxegs,3004,uGu_10sucQo,406,"[0, 1, 0, 0, 0, 0, 0, 0, 0]"
VuWGsYPqAX8,385,,0,"[0, 0, 0, 0, 0, 0, 0, 0, 0]"
J0nA4VgnoCo,3271,,0,"[0, 0, 0, 0, 0, 0, 0, 0, 0]"
37rzWOQsNIw,1508,,0,"[0, 0, 0, 0, 0, 0, 0, 0, 0]"
xmEERLqJ2kU,6733,,0,"[0, 0, 0, 0, 0, 0, 0, 0, 0]"
EE-bNr36nyA,2860,,0,"[0, 0, 0, 0, 0, 0, 0, 0, 0]"
RBCABdttQmI,10465,EE-bNr36nyA,1743,"[0, 0, 1, 0, 0, 0, 0, 0, 0]"
J0nA4VgnoCo,7560,LRw_obCPUt0,3117,"[0, 0, 0, 0, 0, 0, 1, 0, 0]"
AwmHb44_ouw,5416,,0,"[0, 0, 0, 0, 0, 0, 0, 0, 0]"
sTEELN-vY30,901,,0,"[0, 0, 0, 0, 0, 0, 0, 0, 0]"
3eYKfiOEJNs,3564,,0,"[0, 0, 0, 0, 0, 0, 0, 0, 0]"
oDXZc0tZe04,5458,Se3oxnaPsz0,1345,"[0, 0, 0, 0, 0, 1, 0, 0, 0]"
37rzWOQsNIw,3326,,0,"[0, 0, 0, 0, 0, 0, 0, 0, 0]"
XzYM3PfTM4w,1503,,0,"[0, 0, 0, 0, 0, 0, 0, 0, 0]"
3eYKfiOEJNs,1352,,0,"[0, 0, 0, 0, 0, 0, 0, 0, 0]"
eQu1rNs0an0,3727,,0,"[0, 0, 0, 0, 0, 0, 0, 0, 0]"
EE-bNr36nyA,447,RBCABdttQmI,489,"[0, 0, 0, 0, 0, 1, 0, 0, 0]"
EE-bNr36nyA,1099,akI8YFjEmUw,2775,"[0, 0, 0, 0, 0, 0, 0, 1, 0]"
cjibtmSLxQ4,9620,,0,"[0, 0, 0, 0, 0, 0, 0, 0, 0]"
gzDbaEs1Rlg,2866,Yi4Ij2NM7U4,4871,"[0, 0, 1, 0, 0, 0, 0, 0, 0]"
iVt07TCkFM0,1662,qqR6AEXwxoQ,5276,"[0, 0, 0, 0, 0, 0, 0, 0, 1]"
GsAD1KT1xo8,3780,WxtbjNsCQ8A,1090,"[0, 0, 0, 1, 0, 0, 0, 0, 0]"
XkqCExn6_Us,5256,,0,"[0, 0, 0, 0, 0, 0, 0, 0, 0]"
PJrm840pAUI,2994,0tmA_C6XwfM,293,"[0, 0, 0, 1, 0, 0, 0, 0, 0]"
37rzWOQsNIw,1290,,0,"[0, 0, 0, 0, 0, 0, 0, 0, 0]"
cjibtmSLxQ4,6203,qqR6AEXwxoQ,3051,"[0, 0, 0, 0, 0, 0, 0, 0, 1]"
byxOvuiIJV0,1383,vdmoEJ5YbrQ,9588,"[0, 0, 0, 0, 0, 0, 1, 0, 0]"
eQu1rNs0an0,918,PJrm840pAUI,210,"[0, 1, 0, 0, 0, 0, 0, 0, 0]"
Bhxk-O1Y7Ho,328,HT5vyqe0Xaw,3669,"[0, 0, 0, 1, 0, 0, 0, 0, 0]"
gzDbaEs1Rlg,2629,PJrm840pAUI,6478,"[0, 0, 0, 1, 0, 0, 0, 0, 0]"
JKpqYvAdIsw,1419,kLxoNp-UchI,992,"[0, 0, 1, 0, 0, 0, 0, 0, 0]"
kLxoNp-UchI,821,_xMr-HKMfVA,1657,"[0, 0, 1, 0, 0, 0, 0, 0, 0]"
AwmHb44_ouw,6720,Hl-__g2gn_A,1925,"[0, 0, 0, 0, 0, 0, 1, 0, 0]"
Se3oxnaPsz0,2163,RBCABdttQmI,5314,"[0, 0, 0, 0, 0, 1, 0, 0, 0]"
EYqVtI9YWJA,5750,,0,"[0, 0, 0, 0, 0, 0, 0, 0, 0]"
XkqCExn6_Us,5346,,0,"[0, 0, 0, 0, 0, 0, 0, 0, 0]"
Hl-__g2gn_A,5627,,0,"[0, 0, 0, 0, 0, 0, 0, 0, 0]"
uGu_10sucQo,1687,,0,"[0, 0, 0, 0, 0, 0, 0, 0, 0]"
PJrm840pAUI,6342,jcoYJXDG9sw,4290,"[0, 0, 0, 0, 0, 0, 0, 1, 0]"
EYqVtI9YWJA,4583,,0,"[0, 0, 0, 0, 0, 0, 0, 0, 0]"
Hl-__g2gn_A,1978,z_6gVvQb2d0,1428,"[0, 0, 0, 0, 0, 0, 1, 0, 0]"
4wU_LUjG5Ic,3616,,0,"[0, 0, 0, 0, 0, 0, 0, 0, 0]"
Yi4Ij2NM7U4,5099,,0,"[0, 0, 0, 0, 0, 0, 0, 0, 0]"
91IHQYk1IQM,107,,0,"[0, 0, 0, 0, 0, 0, 0, 0, 0]"
qqR6AEXwxoQ,1416,,0,"[0, 0, 0, 0, 0, 0, 0, 0, 0]"
NyBmCxDoHJU,2341,z_6gVvQb2d0,6070,"[0, 0, 0, 0, 0, 0, 1, 0, 0]"
_xMr-HKMfVA,3492,3eYKfiOEJNs,976,"[0, 0, 1, 0, 0, 0, 0, 0, 0]"
uGu_10sucQo,3248,Yi4Ij2NM7U4,6571,"[0, 0, 0, 1, 0, 0, 0, 0, 0]"
xmEERLqJ2kU,7069,,0,"[0, 0, 0, 0, 0, 0, 0, 0, 0]"
XzYM3PfTM4w,603,,0,"[0, 0, 0, 0, 0, 0, 0, 0, 0]"
RBCABdttQmI,7055,E11zDS9XGzg,5185,"[0, 0, 0, 1, 0, 0, 0, 0, 0]"
JgHubY5Vw3Y,1949,EYqVtI9YWJA,1595,"[0, 0, 0, 0, 0, 1, 0, 0, 0]"
b626MiF1ew4,1802,98MoyGZKHXc,2825,"[0, 0, 0, 0, 1, 0, 0, 0, 0]"
vdmoEJ5YbrQ,3726,WxtbjNsCQ8A,2670,"[0, 0, 0, 0, 1, 0, 0, 0, 0]"
fWutDQy1nnY,12261,4wU_LUjG5Ic,2813,"[0, 0, 0, 0, 0, 0, 0, 0, 1]"
EE-bNr36nyA,2423,xmEERLqJ2kU,12006,"[0, 0, 0, 0, 0, 0, 0, 1, 0]"
4wU_LUjG5Ic,1253,GsAD1KT1xo8,3347,"[0, 1, 0, 0, 0, 0, 0, 0, 0]"
XkqCExn6_Us,1995,fWutDQy1nnY,14219,"[0, 0, 0, 1, 0, 0, 0, 0, 0]"
EE-bNr36nyA,2848,,0,"[0, 0, 0, 0, 0, 0, 0, 0, 0]"
_xMr-HKMfVA,3595,HT5vyqe0Xaw,4028,"[0, 0, 0, 1, 0, 0, 0, 0, 0]"
jcoYJXDG9sw,5465,37rzWOQsNIw,3621,"[0, 1, 0, 0, 0, 0, 0, 0, 0]"
vdmoEJ5YbrQ,1830,oDXZc0tZe04,10238,"[0, 0, 0, 0, 0, 0, 0, 1, 0]"
eQu1rNs0an0,729,,0,"[0, 0, 0, 0, 0, 0, 0, 0, 0]"
GsAD1KT1xo8,4016,VuWGsYPqAX8,191,"[0, 0, 1, 0, 0, 0, 0, 0, 0]"
0tmA_C6XwfM,300,3eYKfiOEJNs,2211,"[0, 0, 0, 1, 0, 0, 0, 0, 0]"
fWutDQy1nnY,11842,,0,"[0, 0, 0, 0, 0, 0, 0, 0, 0]"
xmEERLqJ2kU,1180,,0,"[0, 0, 0, 0, 0, 0, 0, 0, 0]"
-esJrBWj2d8,5832,i3wAGJaaktw,844,"[0, 0, 0, 0, 0, 0, 1, 0, 0]"
VuWGsYPqAX8,4579,,0,"[0, 0, 0, 0, 0, 0, 0, 0, 0]"
NyBmCxDoHJU,1406,akI8YFjEmUw,482,"[0, 0, 0, 1, 0, 0, 0, 0, 0]"
Hl-__g2gn_A,461,vdmoEJ5YbrQ,9728,"[0, 1, 0, 0, 0, 0, 0, 0, 0]"
JKpqYvAdIsw,658,fWutDQy1nnY,6949,"[0, 0, 0, 0, 1, 0, 0, 0, 0]"
37rzWOQsNIw,3818,gzDbaEs1Rlg,7008,"[0, 0, 0, 0, 0, 0, 0, 1, 0]"
AwmHb44_ouw,8228,fWutDQy1nnY,1275,"[0, 0, 0, 1, 0, 0, 0, 0, 0]"
PJrm840pAUI,2484,,0,"[0, 0, 0, 0, 0, 0, 0, 0, 0]"
E11zDS9XGzg,7683,,0,"[0, 0, 0, 0, 0, 0, 0, 0, 0]"
Bhxk-O1Y7Ho,10585,JgHubY5Vw3Y,1938,"[0, 0, 0, 0, 0, 0, 1, 0, 0]"
37rzWOQsNIw,2740,xxdtq8mxegs,3444,"[0, 0, 1, 0, 0, 0, 0, 0, 0]"
Hl-__g2gn_A,3766,byxOvuiIJV0,196,"[0, 0, 0, 0, 0, 0, 0, 1, 0]"
EYqVtI9YWJA,2134,qqR6AEXwxoQ,2547,"[0, 0, 0, 0, 0, 0, 0, 0, 1]"
WxtbjNsCQ8A,220,sTEELN-vY30,2047,"[0, 0, 0, 0, 0, 0, 1, 0, 0]"
kLxoNp-UchI,1019,xxdtq8mxegs,3438,"[0, 1, 0, 0, 0, 0, 0, 0, 0]"
i3wAGJaaktw,3075,fWutDQy1nnY,16897,"[0, 0, 0, 0, 0, 0, 0, 0, 1]"
Se3oxnaPsz0,618,,0,"[0, 0, 0, 0, 0, 0, 0, 0, 0]"
JgHubY5Vw3Y,184,,0,"[0, 0, 0, 0, 0, 0, 0, 0, 0]"
0tmA_C6XwfM,2959,PJrm840pAUI,4204,"[0, 0, 0, 0, 0, 1, 0, 0, 0]"
JgHubY5Vw3Y,2324,,0,"[0, 0, 0, 0, 0, 0, 0, 0, 0]"
-esJrBWj2d8,720,,0,"[0, 0, 0, 0, 0, 0, 0, 0, 0]"
NyBmCxDoHJU,3169,,0,"[0, 0, 0, 0, 0, 0, 0, 0, 0]"
WG0MBPpPC6I,1587,RBCABdttQmI,8476,"[0, 0, 0, 0, 1, 0, 0, 0, 0]"
PJrm840pAUI,3175,,0,"[0, 0, 0, 0, 0, 0, 0, 0, 0]"
qqR6AEXwxoQ,3982,uGu_10sucQo,1129,"[0, 1, 0, 0, 0, 0, 0, 0, 0]"
fWutDQy1nnY,11165,,0,"[0, 0, 0, 0, 0, 0, 0, 0, 0]"
Se3oxnaPsz0,338,,0,"[0, 0, 0, 0, 0, 0, 0, 0, 0]"
xwqBXPGE9pQ,1763,JgHubY5Vw3Y,1280,"[0, 0, 1, 0, 0, 0, 0, 0, 0]"
i3wAGJaaktw,3140,WG0MBPpPC6I,7707,"[0, 0, 0, 0, 0, 1, 0, 0, 0]"
PJrm840pAUI,889,,0,"[0, 0, 0, 0, 0, 0, 0, 0, 0]"
kLxoNp-UchI,3563,,0,"[0, 0, 0, 0, 0, 0, 0, 0, 0]"
AwmHb44_ouw,2594,,0,"[0, 0, 0, 0, 0, 0, 0, 0, 0]"
-esJrBWj2d8,3372,JKpqYvAdIsw,2797,"[0, 0, 1, 0, 0, 0, 0, 0, 0]"
-esJrBWj2d8,2937,,0,"[0, 0, 0, 0, 0, 0, 0, 0, 0]"
Hl-__g2gn_A,1771,xmEERLqJ2kU,9784,"[0, 0, 0, 0, 1, 0, 0, 0, 0]"
gzDbaEs1Rlg,1559,kLxoNp-UchI,151,"[0, 0, 0, 0, 0, 0, 0, 1, 0]"
kLxoNp-UchI,2615,,0,"[0, 0, 0, 0, 0, 0, 0, 0, 0]"
LRw_obCPUt0,5420,LRw_obCPUt0,4901,"[0, 0, 0, 1, 0, 0, 0, 0, 0]"
EE-bNr36nyA,2245,,0,"[0, 0, 0, 0, 0, 0, 0, 0, 0]"
qqR6AEXwxoQ,7665,xxdtq8mxegs,3978,"[0, 0, 0, 0, 1, 0, 0, 0, 0]"
XzYM3PfTM4w,668,,0,"[0, 0, 0, 0, 0, 0, 0, 0, 0]"
b626MiF1ew4,515,91IHQYk1IQM,594,"[0, 0, 1, 0, 0, 0, 0, 0, 0]"
qqR6AEXwxoQ,7177,WG0MBPpPC6I,2304,"[0, 0, 0, 1, 0, 0, 0, 0, 0]"
iVt07TCkFM0,1994,Se3oxnaPsz0,526,"[0, 0, 0, 0, 0, 0, 0, 0, 1]"
VuWGsYPqAX8,774,,0,"[0, 0, 0, 0, 0, 0, 0, 0, 0]"
WG0MBPpPC6I,3572,,0,"[0, 0, 0, 0, 0, 0, 0, 0, 0]"
Yi4Ij2NM7U4,4356,XkqCExn6_Us,3423,"[0, 0, 0, 1, 0, 0, 0, 0, 0]"
gzDbaEs1Rlg,5852,JKpqYvAdIsw,290,"[0, 0, 0, 0, 0, 0, 1, 0, 0]"
uGu_10sucQo,1272,,0,"[0, 0, 0, 0, 0, 0, 0, 0, 0]"
qqR6AEXwxoQ,1626,,0,"[0, 0, 0, 0, 0, 0, 0, 0, 0]"
xxdtq8mxegs,3950,,0,"[0, 0, 0, 0, 0, 0, 0, 0, 0]"
37rzWOQsNIw,1527,WxtbjNsCQ8A,2828,"[0, 0, 0, 0, 0, 0, 0, 0, 1]"
_xMr-HKMfVA,1118,0tmA_C6XwfM,444,"[0, 0, 0, 1, 0, 0, 0, 0, 0]"
fWutDQy1nnY,3618,JgHubY5Vw3Y,2676,"[0, 1, 0, 0, 0, 0, 0, 0, 0]"
RBCABdttQmI,2975,,0,"[0, 0, 0, 0, 0, 0, 0, 0, 0]"
b626MiF1ew4,2346,,0,"[0, 0, 0, 0, 0, 0, 0, 0, 0]"
91IHQYk1IQM,137,,0,"[0, 0, 0, 0, 0, 0, 0, 0, 0]"
fWutDQy1nnY,6456,,0,"[0, 0, 0, 0, 0, 0, 0, 0, 0]"
GsAD1KT1xo8,328,Hl-__g2gn_A,5546,"[0, 0, 1, 0, 0, 0, 0, 0, 0]"
kLxoNp-UchI,1513,,0,"[0, 0, 0, 0, 0, 0, 0, 0, 0]"
cjibtmSLxQ4,15863,,0,"[0, 0, 0, 0, 0, 0, 0, 0, 0]"
jcoYJXDG9sw,3614,HT5vyqe0Xaw,1318,"[0, 0, 0, 0, 0, 0, 0, 0, 1]"
NyBmCxDoHJU,2580,,0,"[0, 0, 0, 0, 0, 0, 0, 0, 0]"
EYqVtI9YWJA,4987,,0,"[0, 0, 0, 0, 0, 0, 0, 0, 0]"
eQu1rNs0an0,2624,,0,"[0, 0, 0, 0, 0, 0, 0, 0, 0]"
J0nA4VgnoCo,7043,,0,"[0, 0, 0, 0, 0, 0, 0, 0, 0]"
gzDbaEs1Rlg,1935,,0,"[0, 0, 0, 0, 0, 0, 0, 0, 0]"
-esJrBWj2d8,4097,,0,"[0, 0, 0, 0, 0, 0, 0, 0, 0]"
RBCABdttQmI,128,JgHubY5Vw3Y,3370,"[0, 0, 0, 0, 0, 0, 0, 0, 1]"
byxOvuiIJV0,2896,EE-bNr36nyA,2593,"[0, 0, 0, 1, 0, 0, 0, 0, 0]"
eQu1rNs0an0,2808,jcoYJXDG9sw,3050,"[0, 1, 0, 0, 0, 0, 0, 0, 0]"
37rzWOQsNIw,4454,,0,"[0, 0, 0, 0, 0, 0, 0, 0, 0]"
RBCABdttQmI,10747,LRw_obCPUt0,4010,"[0, 0, 0, 0, 1, 0, 0, 0, 0]"
iVt07TCkFM0,2383,qqR6AEXwxoQ,7656,"[0, 0, 0, 0, 1, 0, 0, 0, 0]"
EYqVtI9YWJA,3710,,0,"[0, 0, 0, 0, 0, 0, 0, 0, 0]"
Bhxk-O1Y7Ho,13417,jcoYJXDG9sw,3406,"[0, 0, 0, 0, 0, 0, 0, 0, 1]"
uGu_10sucQo,711,JgHubY5Vw3Y,1134,"[0, 1, 0, 0, 0, 0, 0, 0, 0]"
jcoYJXDG9sw,4550,,0,"[0, 0, 0, 0, 0, 0, 0, 0, 0]"
eQu1rNs0an0,4038,,0,"[0, 0, 0, 0, 0, 0, 0, 0, 0]"
GsAD1KT1xo8,3645,,0,"[0, 0, 0, 0, 0, 0, 0, 0, 0]"
WG0MBPpPC6I,7007,uGu_10sucQo,2083,"[0, 1, 0, 0, 0, 0, 0, 0, 0]"
b626MiF1ew4,5310,,0,"[0, 0, 0, 0, 0, 0, 0, 0, 0]"
J0nA4VgnoCo,11309,,0,"[0, 0, 0, 0, 0, 0, 0, 0, 0]"
Bhxk-O1Y7Ho,18,,0,"[0, 0, 0, 0, 0, 0, 0, 0, 0]"
kLxoNp-UchI,2144,b626MiF1ew4,192,"[0, 0, 0, 1, 0, 0, 0, 0, 0]"
i3wAGJaaktw,3711,,0,"[0, 0, 0, 0, 0, 0, 0, 0, 0]"
vdmoEJ5YbrQ,8876,,0,"[0, 0, 0, 0, 0, 0, 0, 0, 0]"
Se3oxnaPsz0,673,,0,"[0, 0, 0, 0, 0, 0, 0, 0, 0]"
4wU_LUjG5Ic,2867,91IHQYk1IQM,958,"[0, 0, 0, 0, 0, 0, 0, 0, 1]"
i3wAGJaaktw,323,JKpqYvAdIsw,857,"[0, 1, 0, 0, 0, 0, 0, 0, 0]"
LRw_obCPUt0,112,akI8YFjEmUw,2750,"[0, 0, 0, 0, 0, 0, 1, 0, 0]"
EYqVtI9YWJA,3881,,0,"[0, 0, 0, 0, 0, 0, 0, 0, 0]"
Hl-__g2gn_A,1267,,0,"[0, 0, 0, 0, 0, 0, 0, 0, 0]"
E11zDS9XGzg,7075,,0,"[0, 0, 0, 0, 0, 0, 0, 0, 0]"
J0nA4VgnoCo,4987,,0,"[0, 0, 0, 0, 0, 0, 0, 0, 0]"
uGu_10sucQo,3000,GsAD1KT1xo8,2908,"[0, 1, 0, 0, 0, 0, 0, 0, 0]"
PJrm840pAUI,3594,xxdtq8mxegs,840,"[0, 0, 0, 0, 0, 0, 0, 1, 0]"
Hl-__g2gn_A,3313,byxOvuiIJV0,2646,"[0, 1, 0, 0, 0, 0, 0, 0, 0]"
